Title;|=*?*=|ProjectId;|=*?*=|MainProjectId;|=*?*=|ShortDescription;|=*?*=|Outcome;|=*?*=|DeveloperName;|=*?*=|DemoLink;|=*?*=|GitHubLink;|=*?*=|ShowItem;|=*?*=|ShowProgressBar;|=*?*=|PriorityCalculation;|=*?*=|HasDemo;|=*?*=|PriorityNumber;|=*?*=|Impact;|=*?*=|Urgency;|=*?*=|EaseOffSuccess;|=*?*=|PersonalPreference;|=*?*=|Progress;|=*?*=|TotalHours;|=*?*=|TheoreticalHours;|=*?*=|PracticalHours;|=*?*=|GeneralHours;|=*?*=|DateCreated;|=*?*=|DateDoing;|=*?*=|DateDone;|=*?*=|ProjectStatus;|=*?*=|Challenges;|=*?*=|FutureAdditions;|=*?*=|TimeUnitsPutIn;|=*?*=|SubProjectIds
.NET Core on Linux;|=*?*=|a1bea6d3-8b3b-4181-b853-e7c1e22e5fcb;|=*?*=|9975f6fd-ffcb-419f-accf-2e4065fc80c9;|=*?*=|.NET Core installeren in Ubuntu.;|=*?*=|.Net Core applicaties draaien op een Linux server.;|=*?*=|Victor Looren de Jong;|=*?*=|;|=*?*=|;|=*?*=|True;|=*?*=|False;|=*?*=|True;|=*?*=|False;|=*?*=|9553;|=*?*=|7;|=*?*=|8;|=*?*=|4;|=*?*=|2;|=*?*=|50;|=*?*=|27;|=*?*=|0;|=*?*=|26;|=*?*=|1;|=*?*=|01/11/2021 12:20:32 PM;|=*?*=|17/01/0001 12:00:00 AM;|=*?*=|17/01/0001 12:00:00 AM;|=*?*=|1;|=*?*=|1|=*&*=||=*!*=|No solution suggestion yet.|=*$*=|10|=*&*=||=*!*=|No solution suggestion yet.|=*$*=|12|=*&*=||=*!*=|No solution suggestion yet.|=*$*=|2|=*&*=||=*!*=|No solution suggestion yet.|=*$*=|3|=*&*=||=*!*=|No solution suggestion yet.|=*$*=|Hosting multiple .net web apps|=*&*=||=*!*=|https://www.syncfusion.com/blogs/post/hosting-multiple-asp-net-core-apps-in-ubuntu-linux-server-using-apache.aspx|=*$*=|Installeren van .net 5.0 in Ubuntu|=*&*=||=*!*=|https://docs.microsoft.com/en-us/dotnet/core/install/linux-ubuntu#2004-|=*$*=|Setting up asp.net web apps on Ubuntu with Apache|=*&*=||=*!*=|https://ollie10.medium.com/how-to-host-an-asp-net-core-3-1-application-on-linux-ubuntu-20-04-with-apache-as-reverse-proxy-34bf2fb18502|=*$*=|z|=*&*=||=*!*=|No solution suggestion yet.;|=*?*=|1|=*&*=||=*!*=|1|=*$*=|10|=*&*=||=*!*=|No runway suggestion yet.|=*$*=|11|=*&*=||=*!*=|No runway suggestion yet.|=*$*=|2|=*&*=||=*!*=|No runway suggestion yet.|=*$*=|22|=*&*=||=*!*=|No runway suggestion yet.|=*$*=|3|=*&*=||=*!*=|No runway suggestion yet.|=*$*=|4|=*&*=||=*!*=|No runway suggestion yet.|=*$*=|5|=*&*=||=*!*=|No runway suggestion yet.|=*$*=|6|=*&*=||=*!*=|No runway suggestion yet.|=*$*=|7|=*&*=||=*!*=|No runway suggestion yet.|=*$*=|8|=*&*=||=*!*=|No runway suggestion yet.|=*$*=|9|=*&*=||=*!*=|No runway suggestion yet.|=*$*=|abcdef|=*&*=||=*!*=|No runway suggestion yet.|=*$*=|bcdef|=*&*=||=*!*=|No runway suggestion yet.;|=*?*=|fee96311-9e08-4aa9-aaae-697d498982d2|=*!*=|be5d6b38-f6bb-48a2-9c4b-62db02b50f3c|=*!*=|fe86c1f4-b9b2-41be-95a5-366f04c30969|=*!*=|029f238b-05e9-4384-bf7a-586e663817ae|=*!*=|17bff7d0-e69c-4f93-a313-59ee9b14f27f|=*!*=|466147b7-6783-4fb8-9a6e-a9c58a17b3f8|=*!*=|f19d2cc9-d273-401d-9488-0b3ddcbfc43b|=*!*=|6b713e49-807b-45a4-ad6a-3b00631d9ec5|=*!*=|0d009cd0-c80f-43f1-9981-ec226c8dda35|=*!*=|b9303896-2b49-4d3e-871f-367035ee5aca|=*!*=|74927750-ba64-47f1-ae8d-1723e892cb6f;|=*?*=|
1. C# Getting started;|=*?*=|e6d10b9d-7a2c-4c9a-b55b-390dd851d717;|=*?*=|3ffb52e6-46fe-4040-9e02-a1f51c48ccfa;|=*?*=|Een start module waarin de basis wordt uigelegt van VisualStudio en programmeren.;|=*?*=| Na deze module kan je zelf een basis project maken met VisualStudio.;|=*?*=|Victor Looren de Jong;|=*?*=|;|=*?*=|;|=*?*=|True;|=*?*=|False;|=*?*=|True;|=*?*=|False;|=*?*=|10000;|=*?*=|1;|=*?*=|1;|=*?*=|1;|=*?*=|1;|=*?*=|100;|=*?*=|10;|=*?*=|0;|=*?*=|10;|=*?*=|0;|=*?*=|02/10/2020 12:25:06 PM;|=*?*=|01/01/0001 12:00:00 AM;|=*?*=|01/01/0001 12:00:00 AM;|=*?*=|2;|=*?*=|Basis principen voor programmeren|=*&*=||=*!*=|No solution suggestion yet.|=*$*=|Een project starten in Visual Studio|=*&*=||=*!*=|No solution suggestion yet.|=*$*=|Key shortcuts voor Visual Studio|=*&*=||=*!*=|No solution suggestion yet.|=*$*=|Visual studio aanpassen|=*&*=||=*!*=|No solution suggestion yet.;|=*?*=|;|=*?*=|9fc5abce-0af9-4944-85c0-366d465e5d4d;|=*?*=|
10. C# Career development;|=*?*=|4dbe9806-6a03-4167-9a84-abd1e8eb6778;|=*?*=|3ffb52e6-46fe-4040-9e02-a1f51c48ccfa;|=*?*=|Een module die tips en trics mee geeft voor mijn carriere als developer.;|=*?*=|Hiermee kan ik een basis leggen voor mijn toekomst als developer.;|=*?*=|Victor Looren de Jong;|=*?*=|;|=*?*=|;|=*?*=|True;|=*?*=|False;|=*?*=|True;|=*?*=|False;|=*?*=|10000;|=*?*=|1;|=*?*=|1;|=*?*=|1;|=*?*=|1;|=*?*=|100;|=*?*=|10;|=*?*=|10;|=*?*=|0;|=*?*=|0;|=*?*=|05/08/2021 01:30:25 PM;|=*?*=|01/01/0001 12:00:00 AM;|=*?*=|01/01/0001 12:00:00 AM;|=*?*=|2;|=*?*=|Hoe groei ik door als developer|=*&*=||=*!*=|No solution suggestion yet.|=*$*=|Hoe kan ik anderen helpen|=*&*=||=*!*=|No solution suggestion yet.|=*$*=|Hoe stel ik vragen op forums|=*&*=||=*!*=|No solution suggestion yet.|=*$*=|Hoe verhoog ik mijn efficientie|=*&*=||=*!*=|No solution suggestion yet.|=*$*=|Wat plaats ik in mijn portfolio|=*&*=||=*!*=|No solution suggestion yet.;|=*?*=|;|=*?*=|b80e68cd-9e0e-4229-baa2-26007c2f3d1e;|=*?*=|
2. C# Common syntax;|=*?*=|24bfed1e-cbc3-4795-b189-c4228566293b;|=*?*=|3ffb52e6-46fe-4040-9e02-a1f51c48ccfa;|=*?*=|In deze module wordt geleerdt hoe dingen geschreven moeten worden binnen C#.;|=*?*=|In deze modelue is er een basis gelegd met variabelen en data collecties.;|=*?*=|Victor Looren de Jong;|=*?*=|;|=*?*=|;|=*?*=|True;|=*?*=|False;|=*?*=|True;|=*?*=|False;|=*?*=|10000;|=*?*=|1;|=*?*=|1;|=*?*=|1;|=*?*=|1;|=*?*=|100;|=*?*=|30;|=*?*=|0;|=*?*=|30;|=*?*=|0;|=*?*=|05/10/2020 12:40:41 PM;|=*?*=|01/01/0001 12:00:00 AM;|=*?*=|01/01/0001 12:00:00 AM;|=*?*=|2;|=*?*=|Arrays|=*&*=||=*!*=|No solution suggestion yet.|=*$*=|Condities|=*&*=||=*!*=|No solution suggestion yet.|=*$*=|Data type conversie|=*&*=||=*!*=|No solution suggestion yet.|=*$*=|Dictionaries|=*&*=||=*!*=|No solution suggestion yet.|=*$*=|Do/While loop|=*&*=||=*!*=|No solution suggestion yet.|=*$*=|For each loop|=*&*=||=*!*=|No solution suggestion yet.|=*$*=|For loop|=*&*=||=*!*=|No solution suggestion yet.|=*$*=|Lists|=*&*=||=*!*=|No solution suggestion yet.|=*$*=|Methods/Functions|=*&*=||=*!*=|No solution suggestion yet.|=*$*=|Variabelen|=*&*=||=*!*=|No solution suggestion yet.;|=*?*=|;|=*?*=|f218e4c6-a3ef-4d87-bc76-a58678c005ea;|=*?*=|
3. C# Debugging;|=*?*=|d83527c9-f90b-40a3-9beb-5e9b941416ac;|=*?*=|3ffb52e6-46fe-4040-9e02-a1f51c48ccfa;|=*?*=|Er wordt begonnen met het debuggen van kleine applicaties.;|=*?*=| Nu kan ik aan de hand van beakpoints en de sessie variabelen in de gaten houden wat er in de applicatie gebeurd.;|=*?*=|Victor Looren de Jong;|=*?*=|;|=*?*=|;|=*?*=|True;|=*?*=|False;|=*?*=|True;|=*?*=|False;|=*?*=|10000;|=*?*=|1;|=*?*=|1;|=*?*=|1;|=*?*=|1;|=*?*=|100;|=*?*=|15;|=*?*=|0;|=*?*=|15;|=*?*=|0;|=*?*=|17/10/2020 12:56:06 PM;|=*?*=|01/01/0001 12:00:00 AM;|=*?*=|01/01/0001 12:00:00 AM;|=*?*=|2;|=*?*=|Het gebruik van Breakpoints|=*&*=||=*!*=|No solution suggestion yet.|=*$*=|Hoe ga ik om met Exceptions|=*&*=||=*!*=|No solution suggestion yet.;|=*?*=|;|=*?*=|57de127e-e1ad-4fe0-8dc0-d7ade017c053;|=*?*=|
4. C# Object Oriented Programming 1;|=*?*=|fd1bbd3c-a88b-4d23-96c7-b02357fdb1fa;|=*?*=|3ffb52e6-46fe-4040-9e02-a1f51c48ccfa;|=*?*=|Hier wordt een basis gelegd voor het programmeren met Objecten.;|=*?*=| Kunnen werken met de kern van Object Oriented Programming.;|=*?*=|Victor Looren de Jong;|=*?*=|;|=*?*=|;|=*?*=|True;|=*?*=|False;|=*?*=|True;|=*?*=|False;|=*?*=|10000;|=*?*=|1;|=*?*=|1;|=*?*=|1;|=*?*=|1;|=*?*=|100;|=*?*=|50;|=*?*=|0;|=*?*=|50;|=*?*=|0;|=*?*=|23/10/2020 01:05:21 PM;|=*?*=|01/01/0001 12:00:00 AM;|=*?*=|01/01/0001 12:00:00 AM;|=*?*=|2;|=*?*=|Instantiated Classes|=*&*=||=*!*=|No solution suggestion yet.|=*$*=|Libraries|=*&*=||=*!*=|No solution suggestion yet.|=*$*=|Namespaces|=*&*=||=*!*=|No solution suggestion yet.|=*$*=|Propperties|=*&*=||=*!*=|No solution suggestion yet.|=*$*=|Static Classes|=*&*=||=*!*=|No solution suggestion yet.;|=*?*=|;|=*?*=|81ef11a7-3d86-4c10-86e3-5c60d332c93e;|=*?*=|
5. C# Battleship Mini project;|=*?*=|ae2af3e2-669b-43cc-b25e-1de3357fba33;|=*?*=|3ffb52e6-46fe-4040-9e02-a1f51c48ccfa;|=*?*=|In deze module ga je de opgedane kennis samen brengen door een klein project.;|=*?*=|Na het maken van dit project heb ik voor het eerst een applicatie opgeleverd en gezien hoe alles samen werkt.;|=*?*=|Victor Looren de Jong;|=*?*=|;|=*?*=|;|=*?*=|True;|=*?*=|False;|=*?*=|True;|=*?*=|False;|=*?*=|10000;|=*?*=|1;|=*?*=|1;|=*?*=|1;|=*?*=|1;|=*?*=|100;|=*?*=|150;|=*?*=|0;|=*?*=|150;|=*?*=|0;|=*?*=|18/11/2020 01:11:00 PM;|=*?*=|01/01/0001 12:00:00 AM;|=*?*=|01/01/0001 12:00:00 AM;|=*?*=|2;|=*?*=|Hoe bouw ik de verbeteringen in een bestaande applicatie|=*&*=||=*!*=|No solution suggestion yet.|=*$*=|Hoe bouw ik een applicatie|=*&*=||=*!*=|No solution suggestion yet.|=*$*=|Hoe debug ik een applicatie|=*&*=||=*!*=|No solution suggestion yet.|=*$*=|Hoe plan ik een applicatie van te voren|=*&*=||=*!*=|No solution suggestion yet.|=*$*=|Hoe verbeter ik de applicatie|=*&*=||=*!*=|No solution suggestion yet.;|=*?*=|;|=*?*=|59a980d5-6da0-444b-b96d-74bfc35e3e99;|=*?*=|
6. C# Object Oriented Programming 2;|=*?*=|2bcd4b21-cf7f-4b47-b448-2492b01dd513;|=*?*=|3ffb52e6-46fe-4040-9e02-a1f51c48ccfa;|=*?*=| Hier wordt door gegaan met uitleggen wat er nog meer komt kijken bij Object Oriented Programming.;|=*?*=|Hier heb ik geleerd hoe om te gaan met bijvoorbeeld Interfaces, Generics, en Extension Methods.;|=*?*=|Victor Looren de Jong;|=*?*=|;|=*?*=|;|=*?*=|True;|=*?*=|False;|=*?*=|True;|=*?*=|False;|=*?*=|10000;|=*?*=|1;|=*?*=|1;|=*?*=|1;|=*?*=|1;|=*?*=|100;|=*?*=|20;|=*?*=|0;|=*?*=|20;|=*?*=|0;|=*?*=|27/01/2021 01:15:26 PM;|=*?*=|01/01/0001 12:00:00 AM;|=*?*=|01/01/0001 12:00:00 AM;|=*?*=|2;|=*?*=|Abstract classes|=*&*=||=*!*=|No solution suggestion yet.|=*$*=|Acces modifiers|=*&*=||=*!*=|No solution suggestion yet.|=*$*=|Events|=*&*=||=*!*=|No solution suggestion yet.|=*$*=|Extension methods|=*&*=||=*!*=|No solution suggestion yet.|=*$*=|Generics|=*&*=||=*!*=|No solution suggestion yet.|=*$*=|Inheritance|=*&*=||=*!*=|No solution suggestion yet.|=*$*=|Interfaces|=*&*=||=*!*=|No solution suggestion yet.|=*$*=|Method overloading|=*&*=||=*!*=|No solution suggestion yet.|=*$*=|Method overriding|=*&*=||=*!*=|No solution suggestion yet.;|=*?*=|;|=*?*=|1546e5e9-fcf6-4f1f-bf42-1335794110e2;|=*?*=|
7. C# Common Project Types;|=*?*=|70ac46a1-1adb-4d89-9c37-7c35d352c030;|=*?*=|3ffb52e6-46fe-4040-9e02-a1f51c48ccfa;|=*?*=|Hier worden een aantal veel gebruikte applicatie typen geleerd hoe het werkt.;|=*?*=| Hier in heb ik een zelfde applicatie in vijf verschillende project typen gemaakt.;|=*?*=|Victor Looren de Jong;|=*?*=|;|=*?*=|;|=*?*=|True;|=*?*=|False;|=*?*=|True;|=*?*=|False;|=*?*=|10000;|=*?*=|1;|=*?*=|1;|=*?*=|1;|=*?*=|1;|=*?*=|100;|=*?*=|45;|=*?*=|0;|=*?*=|45;|=*?*=|0;|=*?*=|05/02/2021 01:19:19 PM;|=*?*=|01/01/0001 12:00:00 AM;|=*?*=|01/01/0001 12:00:00 AM;|=*?*=|2;|=*?*=|ASP .Net Core API|=*&*=||=*!*=|No solution suggestion yet.|=*$*=|ASP .Net Core MVC|=*&*=||=*!*=|No solution suggestion yet.|=*$*=|ASP .Net Core Razor Pages|=*&*=||=*!*=|No solution suggestion yet.|=*$*=|Class libraries|=*&*=||=*!*=|No solution suggestion yet.|=*$*=|Unit testing|=*&*=||=*!*=|No solution suggestion yet.|=*$*=|WinForm|=*&*=||=*!*=|No solution suggestion yet.|=*$*=|WPF Core|=*&*=||=*!*=|No solution suggestion yet.;|=*?*=|;|=*?*=|3e3f4a2d-e3e2-4247-8031-b102150ca59a;|=*?*=|
8. C# Data Access;|=*?*=|49a1f6f1-f03b-4869-9267-56cdd2432ace;|=*?*=|3ffb52e6-46fe-4040-9e02-a1f51c48ccfa;|=*?*=|In deze module gaat het over verschillende manieren van data opslaan zoals Sql en NoSql.;|=*?*=|Na deze module heb ik op vier verschillende manieren data opgeslagen en verbinding gelegd met de data bron.;|=*?*=|Victor Looren de Jong;|=*?*=|;|=*?*=|;|=*?*=|True;|=*?*=|False;|=*?*=|True;|=*?*=|False;|=*?*=|10000;|=*?*=|1;|=*?*=|1;|=*?*=|1;|=*?*=|1;|=*?*=|100;|=*?*=|225;|=*?*=|0;|=*?*=|225;|=*?*=|0;|=*?*=|19/03/2021 01:23:09 PM;|=*?*=|01/01/0001 12:00:00 AM;|=*?*=|01/01/0001 12:00:00 AM;|=*?*=|2;|=*?*=|Entity Framework|=*&*=||=*!*=|No solution suggestion yet.|=*$*=|Linq / Lambdas|=*&*=||=*!*=|No solution suggestion yet.|=*$*=|MongoDB|=*&*=||=*!*=|No solution suggestion yet.|=*$*=|MySQL|=*&*=||=*!*=|No solution suggestion yet.|=*$*=|SQL Server |=*&*=||=*!*=|No solution suggestion yet.|=*$*=|SQLite|=*&*=||=*!*=|No solution suggestion yet.|=*$*=|Text files|=*&*=||=*!*=|No solution suggestion yet.;|=*?*=|;|=*?*=|89b7b9b2-a8e0-423e-ab0e-c263c0010ff5;|=*?*=|
9. C# Hotel Management applicatie;|=*?*=|346776cc-957a-4e14-bbb8-25151df42915;|=*?*=|3ffb52e6-46fe-4040-9e02-a1f51c48ccfa;|=*?*=|In deze module gaan je weer alles samen brengen en tot een applicatie bouwen.;|=*?*=|  Na deze module weet ik hoe alle onderdelen voor een applicatie samen komen zoals data base back end, objecten en de front end.;|=*?*=|Victor Looren de Jong;|=*?*=|;|=*?*=|;|=*?*=|True;|=*?*=|False;|=*?*=|True;|=*?*=|False;|=*?*=|10000;|=*?*=|1;|=*?*=|1;|=*?*=|1;|=*?*=|1;|=*?*=|100;|=*?*=|75;|=*?*=|0;|=*?*=|75;|=*?*=|0;|=*?*=|01/07/2021 01:27:10 PM;|=*?*=|01/01/0001 12:00:00 AM;|=*?*=|01/01/0001 12:00:00 AM;|=*?*=|2;|=*?*=|Dependency injection|=*&*=||=*!*=|No solution suggestion yet.|=*$*=|Maak de Class library|=*&*=||=*!*=|No solution suggestion yet.|=*$*=|Maak de nodige tabellen aan in SQL|=*&*=||=*!*=|No solution suggestion yet.|=*$*=|Maak de webpaginas in Razor Pages|=*&*=||=*!*=|No solution suggestion yet.|=*$*=|Plan de applicatie van te voren|=*&*=||=*!*=|No solution suggestion yet.|=*$*=|Zorg voor een connectie vanuit de applicatie naar SQL|=*&*=||=*!*=|No solution suggestion yet.;|=*?*=|;|=*?*=|ab1589f1-72bf-44d7-ba0c-dc2ea5a941e4;|=*?*=|
Agile Scrum;|=*?*=|d05b4980-10f5-43fb-bcd2-c70d19cab038;|=*?*=|b77c6e31-5719-4671-8a49-62167a3e2106;|=*?*=|Een cursus Agile Scrum om op examen niveau te komen.;|=*?*=|Het afronden van het vak met een voldoende en het halen van een PSM1 Certificaat bij Scrum.org.;|=*?*=|Victor Looren de Jong;|=*?*=|;|=*?*=|;|=*?*=|True;|=*?*=|False;|=*?*=|True;|=*?*=|False;|=*?*=|8321;|=*?*=|7;|=*?*=|4;|=*?*=|10;|=*?*=|6;|=*?*=|100;|=*?*=|35;|=*?*=|35;|=*?*=|0;|=*?*=|0;|=*?*=|04/10/2021 02:33:33 PM;|=*?*=|01/01/0001 12:00:00 AM;|=*?*=|01/01/0001 12:00:00 AM;|=*?*=|2;|=*?*=|;|=*?*=|;|=*?*=|22d04ce9-03d1-43e7-be24-e979a974abec;|=*?*=|
Apache http server;|=*?*=|ea1f3a03-9b33-4295-945d-a2f3354ca1e8;|=*?*=|9975f6fd-ffcb-419f-accf-2e4065fc80c9;|=*?*=|Met Apache kan je webpagina's hosten op een server.;|=*?*=|Hosten van web pagina's;|=*?*=|Victor Looren de Jong;|=*?*=|;|=*?*=|;|=*?*=|True;|=*?*=|False;|=*?*=|True;|=*?*=|False;|=*?*=|9521;|=*?*=|8;|=*?*=|5;|=*?*=|3;|=*?*=|4;|=*?*=|50;|=*?*=|7;|=*?*=|0;|=*?*=|7;|=*?*=|0;|=*?*=|01/11/2021 12:29:31 PM;|=*?*=|01/01/0001 12:00:00 AM;|=*?*=|01/01/0001 12:00:00 AM;|=*?*=|1;|=*?*=|Hosting .Net Core applications|=*&*=||=*!*=|https://ollie10.medium.com/how-to-host-an-asp-net-core-3-1-application-on-linux-ubuntu-20-04-with-apache-as-reverse-proxy-34bf2fb18502|=*$*=|Install Apache server|=*&*=||=*!*=|1. sudo apt-get update|=*!*=|2. sudo apt-get install apache2 -y|=*!*=|3. In browser: http://local.server.ip|=*!*=|https://phoenixnap.com/kb/how-to-install-apache-web-server-on-ubuntu-18-04|=*$*=|Uninstall Apache server|=*&*=||=*!*=|1. sudo service apache2 stop|=*!*=|2. sudo apt-get purge apache2 apache2-utils apache2.2-bin apache2-common|=*!*=|3. sudo apt-get --purge remove apache2|=*!*=|4. Result: apache2: /etc/apache2|=*!*=|4. whereis apache2|=*!*=|5. sudo rm -rf /etc/apache2|=*!*=|https://www.edureka.co/community/46181/how-to-uninstall-apache2-on-ubuntu|=*$*=|Verschillende pagina's hosten op een server|=*&*=||=*!*=|https://www.atlantic.net/vps-hosting/host-multiple-websites-on-a-single-server-with-apache-on-ubuntu-18-04/;|=*?*=|;|=*?*=|fe724d0d-6b7e-49d9-a2c0-7df625c6dd5c|=*!*=|ed9ec64d-afa1-4a43-accd-5f3bdd38f436|=*!*=|da0c7987-b38d-4f2a-988b-c24dcd3914be;|=*?*=|
ASP.Net Core (Getting started);|=*?*=|f3e763c0-2a6f-4994-8583-758007f395a2;|=*?*=|e906b9e2-817f-4b86-9c82-000a4ce708d9;|=*?*=|Het krijgen van ervaring en kennis voor het kiezen van het juiste ASP.Net Core Project.;|=*?*=|Een beter inzicht krijgen in de voor en na delen van de .Net Core projecten;|=*?*=|Victor Looren de Jong;|=*?*=|;|=*?*=|;|=*?*=|True;|=*?*=|False;|=*?*=|True;|=*?*=|False;|=*?*=|9021;|=*?*=|7;|=*?*=|5;|=*?*=|7;|=*?*=|4;|=*?*=|0;|=*?*=|0;|=*?*=|0;|=*?*=|0;|=*?*=|0;|=*?*=|19/10/2021 10:38:02 AM;|=*?*=|01/01/0001 12:00:00 AM;|=*?*=|01/01/0001 12:00:00 AM;|=*?*=|0;|=*?*=|;|=*?*=|;|=*?*=|;|=*?*=|
BecomingAProffesionalDeveloper;|=*?*=|0320a8ab-eda2-4c07-963d-a14e21859f21;|=*?*=|00000000-0000-0000-0000-000000000000;|=*?*=|;|=*?*=|;|=*?*=|Victor Looren de Jong;|=*?*=|;|=*?*=|;|=*?*=|False;|=*?*=|False;|=*?*=|True;|=*?*=|False;|=*?*=|10000;|=*?*=|1;|=*?*=|1;|=*?*=|1;|=*?*=|1;|=*?*=|0;|=*?*=|1631;|=*?*=|662;|=*?*=|939;|=*?*=|30;|=*?*=|04/10/2021 02:32:29 PM;|=*?*=|24/11/2021 10:07:22 AM;|=*?*=|01/01/0001 12:00:00 AM;|=*?*=|1;|=*?*=|;|=*?*=|;|=*?*=|539dc9b5-617d-4fe6-8b58-d7b4dfb0d9b2;|=*?*=|8d631d32-421e-4733-980a-48e05dc1a874|=*!*=|a84d7ed0-0595-4fde-a4b7-7c4c3729ebcc|=*!*=|29921224-2e01-4068-b8e3-d9778a387a39|=*!*=|ee4dce22-b090-4c47-b4ca-3b8f215f61fe|=*!*=|0b58ad7f-d060-47a0-a584-fe09964f650b|=*!*=|1ffae8fc-37e3-4caf-89e3-3e54ab0bfded
C# projecten;|=*?*=|8283f3c2-424f-4b3c-b094-67c41d4337fa;|=*?*=|8d631d32-421e-4733-980a-48e05dc1a874;|=*?*=|Projecten die met behulp van C# en visual studio tot stand zijn gekomen.;|=*?*=|Het weergeven van mijn kennis en ervaring.;|=*?*=|Victor Looren de Jong;|=*?*=|;|=*?*=|;|=*?*=|True;|=*?*=|False;|=*?*=|True;|=*?*=|False;|=*?*=|6501;|=*?*=|10;|=*?*=|10;|=*?*=|5;|=*?*=|7;|=*?*=|0;|=*?*=|216;|=*?*=|0;|=*?*=|199;|=*?*=|17;|=*?*=|05/10/2021 10:18:06 AM;|=*?*=|01/01/0001 12:00:00 AM;|=*?*=|01/01/0001 12:00:00 AM;|=*?*=|1;|=*?*=|;|=*?*=|;|=*?*=|;|=*?*=|92fb1ea2-3f52-4c85-991c-471287a596d7|=*!*=|82fa1425-30f3-44b4-8344-61d22daf438c
Code Snippets;|=*?*=|28e05422-05fd-427f-ad73-f1ffb9e436ae;|=*?*=|c395ef5d-d5fd-4758-8469-47d99b38e243;|=*?*=|;|=*?*=|;|=*?*=|Victor Looren de Jong;|=*?*=|;|=*?*=|;|=*?*=|False;|=*?*=|False;|=*?*=|True;|=*?*=|False;|=*?*=|10000;|=*?*=|1;|=*?*=|1;|=*?*=|1;|=*?*=|1;|=*?*=|0;|=*?*=|0;|=*?*=|0;|=*?*=|0;|=*?*=|0;|=*?*=|01/11/2021 02:27:46 PM;|=*?*=|01/01/0001 12:00:00 AM;|=*?*=|01/01/0001 12:00:00 AM;|=*?*=|0;|=*?*=|;|=*?*=|;|=*?*=|;|=*?*=|1347d366-6db6-44cf-8fa7-983185644d77|=*!*=|05acd4eb-df02-4549-977a-d884942e3058|=*!*=|f2443489-519a-4fb6-8dd0-2052ea30f9a9
Comptia Linux +;|=*?*=|34519961-e4ad-440c-b926-9bb93c961fae;|=*?*=|4548ea05-efb3-46e8-a153-169d7f7fca06;|=*?*=|Het leren werken met linux en hoe het werkt.;|=*?*=|bekend zijn met de basis in en outs van de linux distributies: CentOS, Ubuntu, Fedora;|=*?*=|Victor Looren de Jong;|=*?*=|;|=*?*=|;|=*?*=|True;|=*?*=|False;|=*?*=|True;|=*?*=|False;|=*?*=|9977;|=*?*=|4;|=*?*=|3;|=*?*=|1;|=*?*=|2;|=*?*=|50;|=*?*=|82;|=*?*=|82;|=*?*=|0;|=*?*=|0;|=*?*=|26/06/2021 04:21:09 PM;|=*?*=|01/01/0001 12:00:00 AM;|=*?*=|01/01/0001 12:00:00 AM;|=*?*=|1;|=*?*=|;|=*?*=|;|=*?*=|d36d6e71-e3e9-40b1-94ff-e3248e451996;|=*?*=|
Contributies;|=*?*=|29921224-2e01-4068-b8e3-d9778a387a39;|=*?*=|0320a8ab-eda2-4c07-963d-a14e21859f21;|=*?*=|;|=*?*=|;|=*?*=|Victor Looren de Jong;|=*?*=|;|=*?*=|;|=*?*=|True;|=*?*=|False;|=*?*=|True;|=*?*=|False;|=*?*=|10000;|=*?*=|1;|=*?*=|1;|=*?*=|1;|=*?*=|1;|=*?*=|0;|=*?*=|0;|=*?*=|0;|=*?*=|0;|=*?*=|0;|=*?*=|07/10/2021 05:59:03 PM;|=*?*=|01/01/0001 12:00:00 AM;|=*?*=|01/01/0001 12:00:00 AM;|=*?*=|0;|=*?*=|;|=*?*=|;|=*?*=|;|=*?*=|
CSS Snippets;|=*?*=|f2443489-519a-4fb6-8dd0-2052ea30f9a9;|=*?*=|28e05422-05fd-427f-ad73-f1ffb9e436ae;|=*?*=|;|=*?*=|;|=*?*=|Victor Looren de Jong;|=*?*=|;|=*?*=|;|=*?*=|False;|=*?*=|False;|=*?*=|True;|=*?*=|False;|=*?*=|10000;|=*?*=|1;|=*?*=|1;|=*?*=|1;|=*?*=|1;|=*?*=|0;|=*?*=|0;|=*?*=|0;|=*?*=|0;|=*?*=|0;|=*?*=|01/11/2021 02:32:56 PM;|=*?*=|01/01/0001 12:00:00 AM;|=*?*=|01/01/0001 12:00:00 AM;|=*?*=|0;|=*?*=|CSS Color codes|=*&*=||=*!*=|https://www.google.com/search?q=%23343a40&oq=%23343a40&aqs=chrome..69i57j0i512j0i30j0i5i30.1087j0j7&sourceid=chrome&ie=UTF-8|=*!*=|https://www.rapidtables.com/convert/color/rgb-to-hex.html|=*$*=|CSS Find examples|=*&*=||=*!*=|Search for: CSS .....|=*$*=|CSS Fix elements|=*&*=||=*!*=|https://stackoverflow.com/questions/20762823/set-div-width-equal-to-window-size|=*$*=|CSS hanging punctuations|=*&*=||=*!*=|https://developer.mozilla.org/en-US/docs/Web/CSS/hanging-punctuation|=*$*=|CSS Link color|=*&*=||=*!*=|https://www.w3schools.com/html/html_links_colors.asp|=*$*=|CSS List style position|=*&*=||=*!*=|https://developer.mozilla.org/en-US/docs/Web/CSS/list-style-position|=*$*=|CSS Margin Padding|=*&*=||=*!*=|https://docs.microsoft.com/en-us/xamarin/xamarin-forms/user-interface/layouts/margin-and-padding|=*$*=|CSS responsive pictures|=*&*=||=*!*=|https://css-tricks.com/responsive-images-css/|=*$*=|CSS Show divs side by side|=*&*=||=*!*=|https://coder-coder.com/display-divs-side-by-side/;|=*?*=|;|=*?*=|;|=*?*=|
Database Devops (From start to finish);|=*?*=|f91bd736-fd3f-48f9-9fff-390e7945a208;|=*?*=|710984e4-0e8e-4484-ab30-f9453f415ff1;|=*?*=|;|=*?*=|;|=*?*=|Victor Looren de Jong;|=*?*=|;|=*?*=|;|=*?*=|False;|=*?*=|False;|=*?*=|True;|=*?*=|False;|=*?*=|9989;|=*?*=|3;|=*?*=|2;|=*?*=|2;|=*?*=|1;|=*?*=|0;|=*?*=|0;|=*?*=|0;|=*?*=|0;|=*?*=|0;|=*?*=|19/10/2021 10:43:18 AM;|=*?*=|01/01/0001 12:00:00 AM;|=*?*=|01/01/0001 12:00:00 AM;|=*?*=|0;|=*?*=|;|=*?*=|;|=*?*=|;|=*?*=|
Databases en SQL Foundation;|=*?*=|1b0a00c3-839c-4004-bfcc-ca0be3371c28;|=*?*=|4548ea05-efb3-46e8-a153-169d7f7fca06;|=*?*=|De basis leggen in het werken met SQL databases.;|=*?*=|Het kunnen bedenken van SQL Statements waardoor de juiste informatie uit de database komt.;|=*?*=|Victor Looren de Jong;|=*?*=|;|=*?*=|;|=*?*=|True;|=*?*=|False;|=*?*=|True;|=*?*=|False;|=*?*=|10000;|=*?*=|1;|=*?*=|1;|=*?*=|1;|=*?*=|1;|=*?*=|0;|=*?*=|47;|=*?*=|40;|=*?*=|7;|=*?*=|0;|=*?*=|19/01/2021 05:29:20 PM;|=*?*=|01/01/0001 12:00:00 AM;|=*?*=|01/01/0001 12:00:00 AM;|=*?*=|1;|=*?*=|;|=*?*=|;|=*?*=|b9046b2c-72ec-4ef7-a282-752874ae071d|=*!*=|2e6476e5-f1fe-4cb4-bfca-3f7e4e64b25d;|=*?*=|
Foundation in Webdevelopment;|=*?*=|89c13c66-cf68-4827-880a-50e001abfa6f;|=*?*=|e906b9e2-817f-4b86-9c82-000a4ce708d9;|=*?*=|;|=*?*=|;|=*?*=|Victor Looren de Jong;|=*?*=|;|=*?*=|;|=*?*=|True;|=*?*=|False;|=*?*=|True;|=*?*=|False;|=*?*=|10000;|=*?*=|1;|=*?*=|1;|=*?*=|1;|=*?*=|1;|=*?*=|0;|=*?*=|0;|=*?*=|0;|=*?*=|0;|=*?*=|0;|=*?*=|19/10/2021 10:46:42 AM;|=*?*=|01/01/0001 12:00:00 AM;|=*?*=|01/01/0001 12:00:00 AM;|=*?*=|0;|=*?*=|;|=*?*=|;|=*?*=|;|=*?*=|
Fundamentals C#;|=*?*=|3ffb52e6-46fe-4040-9e02-a1f51c48ccfa;|=*?*=|b77c6e31-5719-4671-8a49-62167a3e2106;|=*?*=|Een cursus waar alle fundamentele dingen van programmeren en ook C# uitgelegd worden.;|=*?*=|Het leren van de basis principes van programmeren en wennen aan strongly typed programmeer talen zoals C#.;|=*?*=|Victor Looren de Jong;|=*?*=|;|=*?*=|;|=*?*=|True;|=*?*=|False;|=*?*=|True;|=*?*=|False;|=*?*=|5001;|=*?*=|10;|=*?*=|10;|=*?*=|5;|=*?*=|10;|=*?*=|100;|=*?*=|630;|=*?*=|10;|=*?*=|620;|=*?*=|0;|=*?*=|04/10/2021 02:45:22 PM;|=*?*=|01/01/0001 12:00:00 AM;|=*?*=|01/01/0001 12:00:00 AM;|=*?*=|2;|=*?*=|;|=*?*=|;|=*?*=|;|=*?*=|e6d10b9d-7a2c-4c9a-b55b-390dd851d717|=*!*=|24bfed1e-cbc3-4795-b189-c4228566293b|=*!*=|d83527c9-f90b-40a3-9beb-5e9b941416ac|=*!*=|fd1bbd3c-a88b-4d23-96c7-b02357fdb1fa|=*!*=|ae2af3e2-669b-43cc-b25e-1de3357fba33|=*!*=|2bcd4b21-cf7f-4b47-b448-2492b01dd513|=*!*=|70ac46a1-1adb-4d89-9c37-7c35d352c030|=*!*=|49a1f6f1-f03b-4869-9267-56cdd2432ace|=*!*=|346776cc-957a-4e14-bbb8-25151df42915|=*!*=|4dbe9806-6a03-4167-9a84-abd1e8eb6778
Html->Markdown Interpreter;|=*?*=|d67304d0-5749-4510-9795-70dc2cf5ea1e;|=*?*=|4d7906ba-f5a9-41d7-8952-4e2c03370345;|=*?*=|Een vertaler van html naar markdown geschreven in PHP;|=*?*=|Een server side vertaling voor de mobiele applicatie;|=*?*=|Victor Looren de Jong, Steven Woudenberg;|=*?*=|;|=*?*=|;|=*?*=|True;|=*?*=|False;|=*?*=|True;|=*?*=|False;|=*?*=|10000;|=*?*=|1;|=*?*=|1;|=*?*=|1;|=*?*=|1;|=*?*=|0;|=*?*=|0;|=*?*=|0;|=*?*=|0;|=*?*=|0;|=*?*=|27/10/2021 03:16:05 PM;|=*?*=|01/01/0001 12:00:00 AM;|=*?*=|01/01/0001 12:00:00 AM;|=*?*=|0;|=*?*=|;|=*?*=|;|=*?*=|;|=*?*=|
ITIL4 Foundations;|=*?*=|52d4fdba-b694-4647-b65d-852e11013ba1;|=*?*=|b77c6e31-5719-4671-8a49-62167a3e2106;|=*?*=|Een cursus waarin de principen en waarden van ITIL worden uitgelegd;|=*?*=|Het behalen van mijn ITIL 4 Foundations certificaat;|=*?*=|Victor Looren de Jong;|=*?*=|;|=*?*=|;|=*?*=|True;|=*?*=|False;|=*?*=|True;|=*?*=|False;|=*?*=|10000;|=*?*=|1;|=*?*=|1;|=*?*=|1;|=*?*=|1;|=*?*=|100;|=*?*=|48;|=*?*=|48;|=*?*=|0;|=*?*=|0;|=*?*=|01/06/2020 12:00:00 AM;|=*?*=|01/01/0001 12:00:00 AM;|=*?*=|01/01/0001 12:00:00 AM;|=*?*=|2;|=*?*=|De 7 ITIL Guiding Principles|=*&*=||=*!*=|No solution suggestion yet.|=*$*=|Organisatie en Mensen|=*&*=||=*!*=|No solution suggestion yet.|=*$*=|Partners en suppliers|=*&*=||=*!*=|No solution suggestion yet.|=*$*=|Service en Value|=*&*=||=*!*=|No solution suggestion yet.|=*$*=|Service Value Chain|=*&*=||=*!*=|No solution suggestion yet.|=*$*=|Service Value System|=*&*=||=*!*=|No solution suggestion yet.|=*$*=|Value stream en processen|=*&*=||=*!*=|No solution suggestion yet.;|=*?*=|;|=*?*=|bd071b5d-6183-4e09-becb-8c99cbbb540f|=*!*=|2519148c-43e8-4781-a300-1084402642de;|=*?*=|
Laravel;|=*?*=|1f7dd766-c5f4-48c7-82b0-7483516887bc;|=*?*=|2a82ae6d-9160-4c1e-96b3-2cadcbab8c19;|=*?*=|Laravel is een framework voor PHP.;|=*?*=|Het leren werken met het Laravel framework.;|=*?*=|Victor Looren de Jong;|=*?*=|;|=*?*=|;|=*?*=|True;|=*?*=|False;|=*?*=|True;|=*?*=|False;|=*?*=|10000;|=*?*=|1;|=*?*=|1;|=*?*=|1;|=*?*=|1;|=*?*=|50;|=*?*=|2;|=*?*=|2;|=*?*=|0;|=*?*=|0;|=*?*=|04/10/2021 02:35:18 PM;|=*?*=|01/01/0001 12:00:00 AM;|=*?*=|01/01/0001 12:00:00 AM;|=*?*=|1;|=*?*=|;|=*?*=|;|=*?*=|22fa70e9-a1b7-4566-b1c3-f95369dd687c;|=*?*=|
Learn the basics HTML/CSS/JavaScript;|=*?*=|a2802ea2-b893-4486-8840-05e924089f46;|=*?*=|2a82ae6d-9160-4c1e-96b3-2cadcbab8c19;|=*?*=|Het leren van de basis concepten van HTML/CSS/JavaScript .;|=*?*=|Dit is nodig om verder te gaan in het vak webdeveloper.;|=*?*=|Victor Looren de Jong;|=*?*=|;|=*?*=|;|=*?*=|True;|=*?*=|False;|=*?*=|True;|=*?*=|False;|=*?*=|9281;|=*?*=|9;|=*?*=|8;|=*?*=|5;|=*?*=|2;|=*?*=|0;|=*?*=|5;|=*?*=|0;|=*?*=|5;|=*?*=|0;|=*?*=|11/10/2021 12:55:12 PM;|=*?*=|01/01/0001 12:00:00 AM;|=*?*=|01/01/0001 12:00:00 AM;|=*?*=|1;|=*?*=|;|=*?*=|;|=*?*=|afc09525-646b-454e-a6bf-d3b32d092087;|=*?*=|
Leerpad;|=*?*=|a84d7ed0-0595-4fde-a4b7-7c4c3729ebcc;|=*?*=|0320a8ab-eda2-4c07-963d-a14e21859f21;|=*?*=|;|=*?*=|;|=*?*=|Victor Looren de Jong;|=*?*=|;|=*?*=|;|=*?*=|True;|=*?*=|False;|=*?*=|True;|=*?*=|False;|=*?*=|10000;|=*?*=|1;|=*?*=|1;|=*?*=|1;|=*?*=|1;|=*?*=|20;|=*?*=|1359;|=*?*=|662;|=*?*=|692;|=*?*=|5;|=*?*=|04/10/2021 02:43:53 PM;|=*?*=|24/11/2021 10:07:22 AM;|=*?*=|01/01/0001 12:00:00 AM;|=*?*=|1;|=*?*=|;|=*?*=|;|=*?*=|;|=*?*=|b77c6e31-5719-4671-8a49-62167a3e2106|=*!*=|b4052bc7-098a-4304-bbf7-2c9e0fad8c25|=*!*=|e906b9e2-817f-4b86-9c82-000a4ce708d9
Linux;|=*?*=|98a95d3d-4d12-4557-92af-ec0005ab9c1c;|=*?*=|8d631d32-421e-4733-980a-48e05dc1a874;|=*?*=|Projecten die in Linux gedaan zijn;|=*?*=|Ervaring met verschillende Linux distributies;|=*?*=|Victor Looren de Jong;|=*?*=|;|=*?*=|;|=*?*=|True;|=*?*=|False;|=*?*=|True;|=*?*=|False;|=*?*=|9749;|=*?*=|7;|=*?*=|6;|=*?*=|2;|=*?*=|3;|=*?*=|0;|=*?*=|54;|=*?*=|0;|=*?*=|48;|=*?*=|6;|=*?*=|01/11/2021 11:34:10 AM;|=*?*=|01/01/0001 12:00:00 AM;|=*?*=|01/01/0001 12:00:00 AM;|=*?*=|1;|=*?*=|Folder permissions|=*&*=||=*!*=|https://www.pluralsight.com/blog/it-ops/linux-file-permissions|=*$*=|Package management|=*&*=||=*!*=|1. sudo apt-get remove "packagename"|=*!*=|1. will remove the binaries, but not the configuration or data files of the package packagename. It will also leave dependencies installed with it on installation time untouched.|=*!*=|2. sudo apt-get purge "packagename"|=*!*=|2. sudo apt-get remove --purge "packagename"|=*!*=|2. will remove about everything regarding the package packagename, but not the dependencies installed with it on installation. Both commands are equivalent.  Particularly useful when you want to 'start all over' with an application because you messed up the configuration. However, it does not remove configuration or data files residing in users home directories, usually in hidden folders there. There is no easy way to get those removed as well.|=*!*=|3. removes orphaned packages, i.e. installed packages that used to be installed as an dependency, but aren't any longer. Use this after removing a package which had installed dependencies you're no longer interested in.|=*!*=|3. sudo apt-get autoremove|=*!*=|4. List all installed packages: apt list --installed|=*!*=|5. install Packages: sudo apt-get install "Package name"|=*!*=|https://askubuntu.com/questions/187888/what-is-the-correct-way-to-completely-remove-an-application|=*$*=|Stop terminal command|=*&*=||=*!*=|CTRL + C|=*$*=|Sysctl commands|=*&*=||=*!*=|https://access.redhat.com/sites/default/files/attachments/12052018_systemd_6.pdf|=*$*=|User management|=*&*=||=*!*=|https://askubuntu.com/questions/410244/is-there-a-command-to-list-all-users-also-to-add-delete-modify-users-in-the|=*!*=|List all users: cut -d: -f1 /etc/passwd;|=*?*=|;|=*?*=|;|=*?*=|9975f6fd-ffcb-419f-accf-2e4065fc80c9|=*!*=|f3ce09fa-5988-4325-942f-93c946d46c78
MBO 4 Software developer;|=*?*=|4548ea05-efb3-46e8-a153-169d7f7fca06;|=*?*=|b4052bc7-098a-4304-bbf7-2c9e0fad8c25;|=*?*=|Een opleiding op MBO 4 niveau waarin ik leer wat er bij het vak software developer komt kijken en hoe ik het toe kan passen en welke valkuilen er zijn.;|=*?*=|Een brede basis leggen om op te kunnen bouwen zodat ik door kan groeien naar HBO en daarna een Bachelor.;|=*?*=|Victor Looren de Jong;|=*?*=|;|=*?*=|;|=*?*=|True;|=*?*=|False;|=*?*=|True;|=*?*=|False;|=*?*=|9976;|=*?*=|5;|=*?*=|5;|=*?*=|1;|=*?*=|1;|=*?*=|14;|=*?*=|492;|=*?*=|474;|=*?*=|13;|=*?*=|5;|=*?*=|04/10/2021 02:33:16 PM;|=*?*=|01/01/0001 12:00:00 AM;|=*?*=|01/01/0001 12:00:00 AM;|=*?*=|1;|=*?*=|;|=*?*=|;|=*?*=|84cb2068-f98b-4f62-b111-9dbd1e7f487b|=*!*=|77645656-3458-47c9-8df0-3f49f455ffd6;|=*?*=|2a82ae6d-9160-4c1e-96b3-2cadcbab8c19|=*!*=|f62d99f5-6540-49a8-90d7-328718b68d18|=*!*=|34519961-e4ad-440c-b926-9bb93c961fae|=*!*=|35ed4ddd-d06d-476c-9482-64a5b4106583|=*!*=|1b0a00c3-839c-4004-bfcc-ca0be3371c28|=*!*=|1c7b5a6a-fdb3-4c2c-8654-2c002dc1d7a4
Mee bezig;|=*?*=|b4052bc7-098a-4304-bbf7-2c9e0fad8c25;|=*?*=|a84d7ed0-0595-4fde-a4b7-7c4c3729ebcc;|=*?*=|;|=*?*=|;|=*?*=|Victor Looren de Jong;|=*?*=|;|=*?*=|;|=*?*=|True;|=*?*=|False;|=*?*=|True;|=*?*=|False;|=*?*=|9376;|=*?*=|5;|=*?*=|5;|=*?*=|5;|=*?*=|5;|=*?*=|50;|=*?*=|492;|=*?*=|474;|=*?*=|13;|=*?*=|5;|=*?*=|24/11/2021 09:56:31 AM;|=*?*=|24/11/2021 10:01:12 AM;|=*?*=|01/01/0001 12:00:00 AM;|=*?*=|1;|=*?*=|;|=*?*=|;|=*?*=|;|=*?*=|4548ea05-efb3-46e8-a153-169d7f7fca06
Microsoft 365 Fundamentals (MS-900);|=*?*=|6d66f5dd-3d9b-4d58-be28-f3630b1e1b77;|=*?*=|b77c6e31-5719-4671-8a49-62167a3e2106;|=*?*=|Een cursus om te leren hoe Microsoft 365 er uit ziet en hoe er mee te werken;|=*?*=|Na deze cursus heb je een goede indruk hoe Microsoft 365 in elkaar steekt en hoe Azure het centrum is.;|=*?*=|Victor Looren de Jong;|=*?*=|;|=*?*=|;|=*?*=|True;|=*?*=|False;|=*?*=|True;|=*?*=|False;|=*?*=|10000;|=*?*=|1;|=*?*=|1;|=*?*=|1;|=*?*=|1;|=*?*=|100;|=*?*=|7;|=*?*=|7;|=*?*=|0;|=*?*=|0;|=*?*=|17/06/2020 12:03:28 PM;|=*?*=|01/01/0001 12:00:00 AM;|=*?*=|01/01/0001 12:00:00 AM;|=*?*=|2;|=*?*=|Identity en access management|=*&*=||=*!*=|No solution suggestion yet.|=*$*=|Microsoft 365 productivity en teamwork solutions|=*&*=||=*!*=|No solution suggestion yet.|=*$*=|Principen van cloud computing|=*&*=||=*!*=|No solution suggestion yet.;|=*?*=|;|=*?*=|36909179-0858-4c76-9ac5-480edc6975da;|=*?*=|
Microsoft Azure fundamentals (AZ-900);|=*?*=|b4acbdc1-00c1-4bd4-b1d6-12e7a07a2e02;|=*?*=|b77c6e31-5719-4671-8a49-62167a3e2106;|=*?*=|Een introductie cursus over Azure.;|=*?*=|Na deze cursus heb je een eerste indruk hoe Azure werkt en hoe de services aan elkaar gelinkt zitten.;|=*?*=|Victor Looren de Jong;|=*?*=|;|=*?*=|;|=*?*=|True;|=*?*=|False;|=*?*=|True;|=*?*=|False;|=*?*=|10000;|=*?*=|1;|=*?*=|1;|=*?*=|1;|=*?*=|1;|=*?*=|100;|=*?*=|14;|=*?*=|7;|=*?*=|7;|=*?*=|0;|=*?*=|26/08/2020 11:02:23 AM;|=*?*=|01/01/0001 12:00:00 AM;|=*?*=|01/01/0001 12:00:00 AM;|=*?*=|2;|=*?*=|Azure Active Directory|=*&*=||=*!*=|No solution suggestion yet.|=*$*=|Azure regio's|=*&*=||=*!*=|No solution suggestion yet.|=*$*=|Hybrid Cloud|=*&*=||=*!*=|No solution suggestion yet.|=*$*=|Multi Factor Authenticatie|=*&*=||=*!*=|No solution suggestion yet.|=*$*=|Private Cloud|=*&*=||=*!*=|No solution suggestion yet.|=*$*=|Public Cloud|=*&*=||=*!*=|No solution suggestion yet.|=*$*=|Role based acces control|=*&*=||=*!*=|No solution suggestion yet.|=*$*=|Security, Privacy, Compliance en Vertrouwen|=*&*=||=*!*=|No solution suggestion yet.|=*$*=|Service typen als IaaS, PaaS, SaaS|=*&*=||=*!*=|No solution suggestion yet.;|=*?*=|;|=*?*=|c29212f5-58ec-488b-8065-0db8de0a6c8a|=*!*=|bec246eb-aa50-4af9-9bc3-f7cd006a6aae;|=*?*=|
Microsoft introduction to programming (M10975);|=*?*=|c76356b7-1381-4f6a-a7db-cc2759457443;|=*?*=|b77c6e31-5719-4671-8a49-62167a3e2106;|=*?*=|Een introductie op programmeren met name in C#.;|=*?*=|Ik heb een basis gekregen in programmeren en heb gezien hoe debugging werkt en ik problemen kan analiseren.;|=*?*=|Victor Looren de Jong;|=*?*=|;|=*?*=|;|=*?*=|True;|=*?*=|False;|=*?*=|True;|=*?*=|False;|=*?*=|10000;|=*?*=|1;|=*?*=|1;|=*?*=|1;|=*?*=|1;|=*?*=|100;|=*?*=|21;|=*?*=|14;|=*?*=|7;|=*?*=|0;|=*?*=|12/07/2020 11:01:37 AM;|=*?*=|01/01/0001 12:00:00 AM;|=*?*=|01/01/0001 12:00:00 AM;|=*?*=|2;|=*?*=|Basis principen van Object Oriented Programming|=*&*=||=*!*=|No solution suggestion yet.|=*$*=|Data collecties|=*&*=||=*!*=|No solution suggestion yet.|=*$*=|Data manipulatie|=*&*=||=*!*=|No solution suggestion yet.|=*$*=|Debuggen|=*&*=||=*!*=|No solution suggestion yet.|=*$*=|Don't Repeat Yourself|=*&*=||=*!*=|No solution suggestion yet.|=*$*=|Inheritance|=*&*=||=*!*=|No solution suggestion yet.|=*$*=|Maintainability|=*&*=||=*!*=|No solution suggestion yet.|=*$*=|Productivity|=*&*=||=*!*=|No solution suggestion yet.|=*$*=|Reusability|=*&*=||=*!*=|No solution suggestion yet.|=*$*=|Starten met Visual Studio|=*&*=||=*!*=|No solution suggestion yet.;|=*?*=|;|=*?*=|423b03df-aff9-4256-9357-84b08f03ceba|=*!*=|b80cd0a4-74c0-4f64-a92f-958c8529c3dc;|=*?*=|
Microsoft Office 365 gebruikers training;|=*?*=|64f4f7af-3f35-424b-9e61-64c952ae427a;|=*?*=|b77c6e31-5719-4671-8a49-62167a3e2106;|=*?*=|Een cursus waarme je leert omgaan met de enterpise applicaties van Microsoft;|=*?*=|Na deze cursus heb je een goede indruk hoe de Enterprise applicaties werken en hoe het samen werken gaat in Office 365.;|=*?*=|Victor Looren de Jong;|=*?*=|;|=*?*=|;|=*?*=|True;|=*?*=|False;|=*?*=|True;|=*?*=|False;|=*?*=|10000;|=*?*=|1;|=*?*=|1;|=*?*=|1;|=*?*=|1;|=*?*=|100;|=*?*=|7;|=*?*=|0;|=*?*=|7;|=*?*=|0;|=*?*=|12/05/2020 11:54:26 AM;|=*?*=|01/01/0001 12:00:00 AM;|=*?*=|01/01/0001 12:00:00 AM;|=*?*=|2;|=*?*=|Excel Web App|=*&*=||=*!*=|No solution suggestion yet.|=*$*=|OneDrive|=*&*=||=*!*=|No solution suggestion yet.|=*$*=|Outlook Web App|=*&*=||=*!*=|No solution suggestion yet.|=*$*=|PowerPoint Web App|=*&*=||=*!*=|No solution suggestion yet.|=*$*=|Share point|=*&*=||=*!*=|No solution suggestion yet.|=*$*=|Teams|=*&*=||=*!*=|No solution suggestion yet.|=*$*=|Word Web App|=*&*=||=*!*=|No solution suggestion yet.;|=*?*=|;|=*?*=|edbc2f8a-e57d-42e4-819a-45262810fda6;|=*?*=|
Microsoft Programming in C# (M20843);|=*?*=|85980512-a049-4d58-944b-bd0891653909;|=*?*=|b77c6e31-5719-4671-8a49-62167a3e2106;|=*?*=|Het ontwikkelen van de kennis om windows applicaties te maken.;|=*?*=|In deze cursus heb ik een hoop gezien en geleerd over het programmeren in C#.;|=*?*=|Victor Looren de Jong;|=*?*=|;|=*?*=|;|=*?*=|True;|=*?*=|False;|=*?*=|True;|=*?*=|False;|=*?*=|10000;|=*?*=|1;|=*?*=|1;|=*?*=|1;|=*?*=|1;|=*?*=|100;|=*?*=|35;|=*?*=|21;|=*?*=|14;|=*?*=|0;|=*?*=|30/08/2020 11:04:34 AM;|=*?*=|01/01/0001 12:00:00 AM;|=*?*=|01/01/0001 12:00:00 AM;|=*?*=|2;|=*?*=|Abstract classes|=*&*=||=*!*=|No solution suggestion yet.|=*$*=|Casting|=*&*=||=*!*=|No solution suggestion yet.|=*$*=|Data transport met JSON en XML|=*&*=||=*!*=|No solution suggestion yet.|=*$*=|Debugging|=*&*=||=*!*=|No solution suggestion yet.|=*$*=|Entity Framework|=*&*=||=*!*=|No solution suggestion yet.|=*$*=|Extension methods|=*&*=||=*!*=|No solution suggestion yet.|=*$*=|I/O Opperations|=*&*=||=*!*=|No solution suggestion yet.|=*$*=|Inheritance|=*&*=||=*!*=|No solution suggestion yet.|=*$*=|Instantiated Classes|=*&*=||=*!*=|No solution suggestion yet.|=*$*=|Interfaces|=*&*=||=*!*=|No solution suggestion yet.|=*$*=|Linq / Lambdas|=*&*=||=*!*=|No solution suggestion yet.|=*$*=|Static classes|=*&*=||=*!*=|No solution suggestion yet.;|=*?*=|;|=*?*=|374d68f9-f129-45bf-91f5-74ca38813133|=*!*=|9493ddd7-7188-4eab-9547-820f80fe4db4;|=*?*=|
Microsoft Programming in HTML5 with JavaScript and CSS (M20480);|=*?*=|199e9652-8025-4a5c-a12f-58b43a8fae54;|=*?*=|b77c6e31-5719-4671-8a49-62167a3e2106;|=*?*=|Een cursus om te leren hoe HTML5, CSS en JavaScript samen werken;|=*?*=|Na het volgen van deze cursus heb ik inzicht in hoe een web applicatie in elkaar steekt qua verdeling;|=*?*=|Victor Looren de Jong;|=*?*=|;|=*?*=|;|=*?*=|True;|=*?*=|False;|=*?*=|True;|=*?*=|False;|=*?*=|10000;|=*?*=|1;|=*?*=|1;|=*?*=|1;|=*?*=|1;|=*?*=|100;|=*?*=|35;|=*?*=|21;|=*?*=|14;|=*?*=|0;|=*?*=|06/09/2020 12:16:27 PM;|=*?*=|01/01/0001 12:00:00 AM;|=*?*=|01/01/0001 12:00:00 AM;|=*?*=|2;|=*?*=|API's|=*&*=||=*!*=|No solution suggestion yet.|=*$*=|CSS3 implementatie|=*&*=||=*!*=|No solution suggestion yet.|=*$*=|Data verwerking met JavaScript|=*&*=||=*!*=|No solution suggestion yet.|=*$*=|Document Object Model|=*&*=||=*!*=|No solution suggestion yet.|=*$*=|HTML Elementen|=*&*=||=*!*=|No solution suggestion yet.|=*$*=|Toevoegen en modificeren HTML elementen|=*&*=||=*!*=|No solution suggestion yet.|=*$*=|Verwerking van JSON en XML informatie|=*&*=||=*!*=|No solution suggestion yet.;|=*?*=|;|=*?*=|9d34fa29-f502-4fad-b774-46af6b445a82|=*!*=|7026bc32-eb3b-476e-a4d3-cb5f5800941d;|=*?*=|
Microsoft Windows 10 (MD-100);|=*?*=|0ec41028-f04d-4df5-a1ab-8dd5d9b16718;|=*?*=|b77c6e31-5719-4671-8a49-62167a3e2106;|=*?*=|Een cursus om te leren wat het inhoud om windows 10 te beheren en te onderhouden voor een bedrijf.;|=*?*=|Na deze week cursus heb je een goede indruk hoe systeem beheer werkt in Windows 10 en Azure.;|=*?*=|Victor Looren de Jong;|=*?*=|;|=*?*=|;|=*?*=|True;|=*?*=|False;|=*?*=|True;|=*?*=|False;|=*?*=|10000;|=*?*=|1;|=*?*=|1;|=*?*=|1;|=*?*=|1;|=*?*=|100;|=*?*=|35;|=*?*=|25;|=*?*=|10;|=*?*=|0;|=*?*=|21/06/2020 12:06:38 PM;|=*?*=|01/01/0001 12:00:00 AM;|=*?*=|01/01/0001 12:00:00 AM;|=*?*=|2;|=*?*=|Disk and Folder management|=*&*=||=*!*=|No solution suggestion yet.|=*$*=|Group Policies|=*&*=||=*!*=|No solution suggestion yet.|=*$*=|IP adress binaire calculatie|=*&*=||=*!*=|http://kernelpokenic.blogspot.com/2011/11/subnetting-ipv4-primer.html|=*$*=|OSI Model|=*&*=||=*!*=|https://www.guru99.com/layers-of-osi-model.html|=*$*=|Power Shell|=*&*=||=*!*=|No solution suggestion yet.|=*$*=|Rules management|=*&*=||=*!*=|No solution suggestion yet.|=*$*=|Subnetting|=*&*=||=*!*=|No solution suggestion yet.|=*$*=|Systeem cloning|=*&*=||=*!*=|No solution suggestion yet.|=*$*=|Systeem migratie|=*&*=||=*!*=|No solution suggestion yet.|=*$*=|Windows 10 remote deploy|=*&*=||=*!*=|No solution suggestion yet.;|=*?*=|;|=*?*=|9bf17fbc-ebe1-4a7e-a16b-9f827d452fe7|=*!*=|bc3014b2-752e-48f0-b760-d91d187c5a87;|=*?*=|
MySQL Server;|=*?*=|d0e06c99-7936-412b-869b-4c97e97d077b;|=*?*=|9975f6fd-ffcb-419f-accf-2e4065fc80c9;|=*?*=|MySQL server starten op een Ubuntu Server;|=*?*=|Remote en locale toegang tot een MySQL database;|=*?*=|Victor Looren de Jong;|=*?*=|;|=*?*=|;|=*?*=|True;|=*?*=|False;|=*?*=|True;|=*?*=|False;|=*?*=|9353;|=*?*=|9;|=*?*=|6;|=*?*=|4;|=*?*=|3;|=*?*=|50;|=*?*=|5;|=*?*=|0;|=*?*=|5;|=*?*=|0;|=*?*=|01/11/2021 11:39:00 AM;|=*?*=|01/01/0001 12:00:00 AM;|=*?*=|01/01/0001 12:00:00 AM;|=*?*=|1;|=*?*=|Connecting with workbench|=*&*=||=*!*=| 			https://www.digitalocean.com/community/tutorials/how-to-allow-remote-access-to-mysql|=*!*=|1. Add connection|=*!*=|2. Connection method: ssh|=*!*=|3. HostName:	"10.0.0.1:22"|=*!*=|4. SSH Username : "SSH User Name"|=*!*=|5. SSH password : "SSH Password"|=*!*=|6. MySQL HostName : localhost|=*!*=|7. MySQL username: "test"|=*!*=|8. MySQL Password: "Pa$$w.rd"|=*!*=|9. Connection should work now|=*$*=|Create MySQL User|=*&*=||=*!*=|1. In Command line type:  sudo mysql|=*!*=|2.  		CREATE USER 'test'@'localhost' IDENTIFIED BY 'Pa$$w.rd';|=*!*=|3.  		GRANT CREATE, ALTER, DROP, INSERT, UPDATE, DELETE, SELECT, REFERENCES, RELOAD on *.* TO 'test'@'localhost' WITH GRANT OPTION;|=*!*=|4. FLUSH PRIVILEGES;|=*!*=|5. exit	|=*$*=|Enable remote access|=*&*=||=*!*=|1. sudo nano /etc/mysql/mysql.conf.d/mysqld.cnf|=*!*=|2. Find 'bind-adress' set it to 0.0.0.0 (maybe server own IP)|=*!*=|3. sudo systemctl restart mysql|=*!*=|4. sudo systemctl restart mysql|=*!*=|5. Create a user in MySQL  (See Create MySQL user)|=*!*=|6. sudo ufw allow from remote_IP_address to any port "Port number here ""default 3306"|=*$*=|Install MySQL|=*&*=||=*!*=|1. sudo apt update|=*!*=|2. sudo apt upgrade|=*!*=|3. sudo apt install mysql-server|=*!*=|4. mysql --version|=*!*=|5. sudo mysql_secure_installation|=*!*=|6. sudo systemctl status mysql|=*!*=|https://phoenixnap.com/kb/install-mysql-ubuntu-20-04	|=*$*=|Show MySQL users|=*&*=||=*!*=|https://alvinalexander.com/blog/post/mysql/show-users-i-ve-created-in-mysql-database/|=*!*=|SELECT host, user FROM mysql.user;|=*$*=|Uninstall MySQL|=*&*=||=*!*=|1. sudo apt purge mysql-server*|=*!*=|2. ls /etc/mysql|=*!*=|3. sudo ls /var/lib/mysql|=*!*=|4. sudo rm -r /etc/mysql/ /var/lib/mysql|=*!*=|5. sudo rm -r /var/log/mysql|=*!*=|6. sudo apt autoremove|=*!*=|7. MySQL is removed now;|=*?*=|;|=*?*=|2262ce04-89c8-4e8e-a491-4ab1cac70a70;|=*?*=|
Ontwerp en ontwikkeling van informatiesystemen;|=*?*=|1c7b5a6a-fdb3-4c2c-8654-2c002dc1d7a4;|=*?*=|4548ea05-efb3-46e8-a153-169d7f7fca06;|=*?*=|Een vak waarbij geleerd wordt wat er allemaal bij het ontwerpen en ontwikkelen van een informatie systeem komt kijken.;|=*?*=|;|=*?*=|Victor Looren de Jong;|=*?*=|;|=*?*=|;|=*?*=|True;|=*?*=|False;|=*?*=|True;|=*?*=|False;|=*?*=|10000;|=*?*=|1;|=*?*=|1;|=*?*=|1;|=*?*=|1;|=*?*=|0;|=*?*=|154;|=*?*=|154;|=*?*=|0;|=*?*=|0;|=*?*=|17/03/2021 05:36:40 PM;|=*?*=|01/01/0001 12:00:00 AM;|=*?*=|01/01/0001 12:00:00 AM;|=*?*=|1;|=*?*=|;|=*?*=|;|=*?*=|963431de-4792-4c9c-aa4f-be856c425876|=*!*=|528392ad-e983-4150-bf2c-6b9112e69141;|=*?*=|
PHP Projecten;|=*?*=|4d7906ba-f5a9-41d7-8952-4e2c03370345;|=*?*=|8d631d32-421e-4733-980a-48e05dc1a874;|=*?*=|Dit zijn projecten die door middel van PHP code tot stand zijn gekomen;|=*?*=|Werkende project uitkomsten die toepasbaar zijn in een omgeving waar PHP gebruikt wordt zoals WordPress.;|=*?*=|Victor Looren de Jong, Steven Woudenberg;|=*?*=|;|=*?*=|;|=*?*=|True;|=*?*=|False;|=*?*=|True;|=*?*=|False;|=*?*=|8501;|=*?*=|10;|=*?*=|10;|=*?*=|3;|=*?*=|5;|=*?*=|0;|=*?*=|0;|=*?*=|0;|=*?*=|0;|=*?*=|0;|=*?*=|22/10/2021 11:36:17 AM;|=*?*=|01/01/0001 12:00:00 AM;|=*?*=|01/01/0001 12:00:00 AM;|=*?*=|0;|=*?*=|;|=*?*=|;|=*?*=|;|=*?*=|d67304d0-5749-4510-9795-70dc2cf5ea1e
Portfolio;|=*?*=|92fb1ea2-3f52-4c85-991c-471287a596d7;|=*?*=|8283f3c2-424f-4b3c-b094-67c41d4337fa;|=*?*=|Een pagina om weer te geven wat mijn kennis is en wie ik ben.;|=*?*=|Het inzicht geven van hoe het programmeren mij bezig houd en hoe serieus ik er in ben.;|=*?*=|Victor Looren de Jong;|=*?*=|;|=*?*=|;|=*?*=|True;|=*?*=|False;|=*?*=|True;|=*?*=|False;|=*?*=|6001;|=*?*=|10;|=*?*=|10;|=*?*=|4;|=*?*=|10;|=*?*=|0;|=*?*=|106;|=*?*=|0;|=*?*=|89;|=*?*=|17;|=*?*=|07/10/2021 05:49:35 PM;|=*?*=|01/01/0001 12:00:00 AM;|=*?*=|01/01/0001 12:00:00 AM;|=*?*=|1;|=*?*=|;|=*?*=|;|=*?*=|55d4145b-0627-41a0-9ee7-fc9175093e3d|=*!*=|26e1ccc7-53fd-461c-9754-8a2598234d43|=*!*=|26bd2e08-fde2-4746-bc83-40013e9d40e0;|=*?*=|204a99f4-e04d-436b-811f-636f80a4e201
Portfolio MVP;|=*?*=|204a99f4-e04d-436b-811f-636f80a4e201;|=*?*=|92fb1ea2-3f52-4c85-991c-471287a596d7;|=*?*=|Een pagina om inzichtelijk te maken waar ik mee bezig ben en wat ik kan en heb geleerd.;|=*?*=|  Een website die weergeeft wat ik doe, hoe ik het doe en waar ik heen wil.  Een website die weergeeft wat ik doe, hoe ik het doe en waar ik heen wil.  Een website die weergeeft wat ik doe, hoe ik het doe en waar ik heen wil.  Een website die weergeeft wat ik doe, hoe ik het doe en waar ik heen wil.  Een website die weergeeft wat ik doe, hoe ik het doe en waar ik heen wil.  Een website die weergeeft wat ik doe, hoe ik het doe en waar ik heen wil.  Een website die weergeeft wat ik doe, hoe ik het doe en waar ik heen wil.  Een website die weergeeft wat ik doe, hoe ik het doe en waar ik heen wil.  Een website die weergeeft wat ik doe, hoe ik het doe en waar ik heen wil.  Een website die weergeeft wat ik doe, hoe ik het doe en waar ik heen wil.  Een website die weergeeft wat ik doe, hoe ik het doe en waar ik heen wil.  Een website die weergeeft wat ik doe, hoe ik het doe en waar ik heen wil.;|=*?*=|Victor Looren de Jong;|=*?*=|https://localhost:44348/?fromdemolink=true;|=*?*=|GitHubLogo;|=*?*=|True;|=*?*=|False;|=*?*=|True;|=*?*=|True;|=*?*=|5001;|=*?*=|10;|=*?*=|10;|=*?*=|5;|=*?*=|10;|=*?*=|50;|=*?*=|100;|=*?*=|0;|=*?*=|89;|=*?*=|11;|=*?*=|05/10/2021 03:37:10 PM;|=*?*=|01/01/0001 12:00:00 AM;|=*?*=|01/01/0001 12:00:00 AM;|=*?*=|1;|=*?*=|Create a list per project with all relevant sub projects|=*&*=||=*!*=|No solution suggestion yet.|=*$*=|Create a side menu in razor pages|=*&*=||=*!*=|	 https://startbootstrap.com/template/simple-sidebarhttps://startbootstrap.com/template/simple-sidebar|=*!*=|Neem uit het gedownloade bestand het menu over uit de web pagina|=*$*=|Dubbele entries uit data collectie halen|=*&*=||=*!*=|var distinctItems = items.GroupBy(x => x.Id).Select(y => y.First());|=*$*=|Informatie verzenden naar volgende pagina|=*&*=||=*!*=|Example: <a asp-action="Edit" asp-route-id="10" asp-route-foo="bar">Edit</a>;|=*?*=|;|=*?*=|8b4ddc1f-eb3a-4323-98f6-3e782515ea63|=*!*=|e9862192-0206-41fe-b32d-3a47a2798aa4|=*!*=|93c12604-3f79-49ea-85cb-b40dec50ce32|=*!*=|87210da8-26e5-4c05-bdad-f4c296def048|=*!*=|bbf397ec-4440-47c9-8e8d-a9c075cd1245|=*!*=|2d41bbc9-3d38-4a8a-baa8-84ea23ba46b9|=*!*=|049319e3-56d4-42ac-abf7-06bba75cdd05|=*!*=|f12b4fdb-c535-4634-8f55-8f38288f118d|=*!*=|9aa44f66-375c-4254-8748-6f1f67e8e6b5|=*!*=|288a09a2-4244-425a-93dc-d929fa92cf47|=*!*=|c5807d6a-e85e-4480-be01-a319152250dc|=*!*=|27e9cff3-78ea-4819-b2f1-e096f97894e8|=*!*=|40f3b8b4-48ac-4e8d-901e-9f6b152b98e4|=*!*=|7445d336-a330-4cae-a36e-0d46a6736f68|=*!*=|828c392c-1f57-49b4-9a2b-e0ced7a2023d|=*!*=|a7b396bc-815a-4bf0-b809-59051b2092dc|=*!*=|0ee35852-31df-47c7-b383-c7e0f98779a7|=*!*=|fa4b9c9d-edac-4c70-9a80-12c303db6b53|=*!*=|f5ca4ef7-0b03-4fbe-84d4-21da3ace97a3|=*!*=|108c872d-d886-479f-9496-cfde63e07b4d|=*!*=|9f4ea38f-d1a2-44dd-893e-83cfb96a0e1d|=*!*=|9ca84961-c829-4ea8-8852-94ca42566a8a|=*!*=|c7fd3b0c-835b-46a5-acb6-f5d35f5abc6d|=*!*=|7322f73f-0ede-46ca-8806-761a504516b3|=*!*=|81f83642-95ae-4b2c-9a05-a6a5d55e70fe|=*!*=|97a33d9c-779f-440f-8dc0-6f1da55ea0f3|=*!*=|20140689-da31-4caa-b238-0e73c76ecef8|=*!*=|e58e0556-cbbb-4a1d-bb68-f03de51ad191|=*!*=|3bede8bf-5b65-44ff-afb1-f76fbdc7c37d|=*!*=|d561b6c8-e75e-441a-8cc3-cd5b6126f83e|=*!*=|32e243c8-68b2-45b3-80e1-3021f92c314d;|=*?*=|
Proffesionale communicatie;|=*?*=|35ed4ddd-d06d-476c-9482-64a5b4106583;|=*?*=|4548ea05-efb3-46e8-a153-169d7f7fca06;|=*?*=|Het leren van effectieve communicatie en hoe mensen er op reageren.;|=*?*=|Effectiever communiceren met mijn omgeving;|=*?*=|Victor Looren de Jong;|=*?*=|;|=*?*=|;|=*?*=|True;|=*?*=|False;|=*?*=|True;|=*?*=|False;|=*?*=|9749;|=*?*=|3;|=*?*=|2;|=*?*=|7;|=*?*=|6;|=*?*=|0;|=*?*=|37;|=*?*=|37;|=*?*=|0;|=*?*=|0;|=*?*=|06/02/2021 04:25:55 PM;|=*?*=|01/01/0001 12:00:00 AM;|=*?*=|01/01/0001 12:00:00 AM;|=*?*=|1;|=*?*=|;|=*?*=|;|=*?*=|0b8c7ffb-ee05-496a-99b0-12b47dc69b8a;|=*?*=|
Programming;|=*?*=|c395ef5d-d5fd-4758-8469-47d99b38e243;|=*?*=|8d631d32-421e-4733-980a-48e05dc1a874;|=*?*=|Basis principen van programmeren.;|=*?*=|Een overzicht maken van programmeer principen om naar terug te kunnen kijken.;|=*?*=|Victor Looren de Jong;|=*?*=|;|=*?*=|;|=*?*=|False;|=*?*=|False;|=*?*=|True;|=*?*=|False;|=*?*=|8501;|=*?*=|10;|=*?*=|10;|=*?*=|3;|=*?*=|5;|=*?*=|0;|=*?*=|0;|=*?*=|0;|=*?*=|0;|=*?*=|0;|=*?*=|01/11/2021 02:20:32 PM;|=*?*=|01/01/0001 12:00:00 AM;|=*?*=|01/01/0001 12:00:00 AM;|=*?*=|0;|=*?*=|;|=*?*=|;|=*?*=|;|=*?*=|28e05422-05fd-427f-ad73-f1ffb9e436ae
Progress application;|=*?*=|82fa1425-30f3-44b4-8344-61d22daf438c;|=*?*=|8283f3c2-424f-4b3c-b094-67c41d4337fa;|=*?*=|Een applicatie waar ik mijn projecten in bij kan houden en waar ik mijn uren in bij kan houden.;|=*?*=|Het registreren van mijn activiteiten en het inzichtelijk maken van mijn voortgang.;|=*?*=|Victor Looren de Jong;|=*?*=|;|=*?*=|;|=*?*=|True;|=*?*=|False;|=*?*=|True;|=*?*=|False;|=*?*=|7001;|=*?*=|10;|=*?*=|10;|=*?*=|3;|=*?*=|10;|=*?*=|50;|=*?*=|110;|=*?*=|0;|=*?*=|110;|=*?*=|0;|=*?*=|07/10/2021 05:46:07 PM;|=*?*=|01/01/0001 12:00:00 AM;|=*?*=|01/01/0001 12:00:00 AM;|=*?*=|1;|=*?*=|;|=*?*=|;|=*?*=|;|=*?*=|aeef8033-dfdf-4318-9f08-bcaa82623c8b
Progress Application Backend MVP;|=*?*=|aeef8033-dfdf-4318-9f08-bcaa82623c8b;|=*?*=|82fa1425-30f3-44b4-8344-61d22daf438c;|=*?*=|Een applicatie om de voortgang bij te houden, uitdagingen, toekomst plannen en bestede uren op te slaan.;|=*?*=| Inzicht krijgen in de voortgang en een plaats hebbn om oplossingen voor de toekomst bij te houden.;|=*?*=|Victor Looren de Jong;|=*?*=|Demo link here;|=*?*=|Github link here;|=*?*=|True;|=*?*=|False;|=*?*=|True;|=*?*=|True;|=*?*=|6001;|=*?*=|10;|=*?*=|10;|=*?*=|4;|=*?*=|10;|=*?*=|50;|=*?*=|110;|=*?*=|0;|=*?*=|110;|=*?*=|0;|=*?*=|05/10/2021 03:37:45 PM;|=*?*=|01/01/0001 12:00:00 AM;|=*?*=|01/01/0001 12:00:00 AM;|=*?*=|1;|=*?*=|Bij project verschuiven tijd overdracht gaat mis |=*&*=||=*!*=|No solution suggestion yet.|=*$*=|Circular project verwijzingen|=*&*=||=*!*=|1. Maak een lijst met alle boven liggende project ids|=*!*=|2. Maak een lijst met alle onderliggende ids|=*!*=|3. Ga deze met elkaar vergelijken er mag geen dubbele inzitten|=*!*=|directed acyclic graph|=*$*=|Een menu aan de zijkant maken in razor pages|=*&*=||=*!*=|https://startbootstrap.com/template/simple-sidebar|=*!*=|Neem uit het gedownloade bestand het menu over uit de web pagina|=*$*=|Het opslaan op meerdere locaties  via json file|=*&*=||=*!*=|Directory.CreateDirectory(filePath);|=*!*=|File.Create(filePath)|=*$*=|Mainproject niet actief bij toevoegen time unit via Add time unit aan subproject|=*&*=||=*!*=|No solution suggestion yet.|=*$*=|Modellen verliezen eigenschappen voor het opslaan|=*&*=||=*!*=|Zijn alle gegevens mee genomen bij alle saves acties?|=*$*=|Zoek resultaten met gedeeldtelijke woorden|=*&*=||=*!*=|gebruik .Contains in zoek opdracht;|=*?*=|Commentaar opslaan bij een tijd eenheid|=*&*=||=*!*=|No runway suggestion yet.|=*$*=|Maak een index pagina met overzicht van de vooruitgang|=*&*=||=*!*=|No runway suggestion yet.|=*$*=|Maandelijkse rapportage email|=*&*=||=*!*=|No runway suggestion yet.|=*$*=|Meerdere items versturen via asp-route maken zoals het hoort|=*&*=||=*!*=|Dictionary management|=*!*=|Dictionary management page|=*!*=|Zoek naar delimiter in cshtml ;|=*?*=|f8a542fd-01f7-4674-bfc5-6b066b305208|=*!*=|078579ee-98be-4ed1-a7dd-c8aea4a1f9b1|=*!*=|4ebd75ba-9cee-4d08-9ddc-17f85e2a312d|=*!*=|a826e651-db52-4804-9ae0-053b5993db2e|=*!*=|b9f36ab1-80c6-464c-b2c9-c2d22c375d7f|=*!*=|8597afdc-af56-4597-b2f9-56a2862c1ffa|=*!*=|ac669212-f7b6-4eec-bdc8-63fac25093f2|=*!*=|50c695bc-c4cf-41a4-85e7-6f5ab6b75d01|=*!*=|669d7746-9131-4867-a063-9e176c6b5cb5|=*!*=|99cd5cf6-8d39-4333-8d75-8c44965db4c3|=*!*=|013aa911-9725-4892-abe5-e8f9ba328cc7|=*!*=|7063f944-d491-4995-baf5-a8e4bbc9a39c|=*!*=|dca4ab18-39be-461b-8ff6-9a33214203e7|=*!*=|d98ee4fa-d98d-4f49-bce3-1c24695f3030|=*!*=|d87f720e-3dea-4f28-9aa4-a2ae89b36892|=*!*=|c27d6043-3979-4b81-b3bc-8f7957395b08;|=*?*=|
Projecten;|=*?*=|8d631d32-421e-4733-980a-48e05dc1a874;|=*?*=|0320a8ab-eda2-4c07-963d-a14e21859f21;|=*?*=|;|=*?*=|;|=*?*=|Victor Looren de Jong;|=*?*=|;|=*?*=|;|=*?*=|True;|=*?*=|False;|=*?*=|True;|=*?*=|False;|=*?*=|10000;|=*?*=|1;|=*?*=|1;|=*?*=|1;|=*?*=|1;|=*?*=|0;|=*?*=|270;|=*?*=|0;|=*?*=|247;|=*?*=|23;|=*?*=|04/10/2021 02:36:52 PM;|=*?*=|01/01/0001 12:00:00 AM;|=*?*=|01/01/0001 12:00:00 AM;|=*?*=|1;|=*?*=|;|=*?*=|;|=*?*=|;|=*?*=|8283f3c2-424f-4b3c-b094-67c41d4337fa|=*!*=|4d7906ba-f5a9-41d7-8952-4e2c03370345|=*!*=|98a95d3d-4d12-4557-92af-ec0005ab9c1c|=*!*=|c395ef5d-d5fd-4758-8469-47d99b38e243
Proof it series;|=*?*=|3523d91b-2bae-4453-881e-9ca337a1cb52;|=*?*=|e906b9e2-817f-4b86-9c82-000a4ce708d9;|=*?*=|Een serie uitdagingen om mijn kennis te testen en uit te breiden, nadat ik zelf een opdracht heb volbracht of ben vast gelopen kan ik kijken hoe Tim Corey het heeft opgelost.;|=*?*=|Het testen van mijn kennis en het uitzoeken van problemen, hierdoor meer zelf vertrouwen krijgen en mijn programmeer kennis verdiepen.;|=*?*=|Victor Looren de Jong;|=*?*=|;|=*?*=|;|=*?*=|True;|=*?*=|False;|=*?*=|True;|=*?*=|False;|=*?*=|9617;|=*?*=|8;|=*?*=|6;|=*?*=|1;|=*?*=|8;|=*?*=|0;|=*?*=|0;|=*?*=|0;|=*?*=|0;|=*?*=|0;|=*?*=|04/10/2021 08:12:00 PM;|=*?*=|01/01/0001 12:00:00 AM;|=*?*=|01/01/0001 12:00:00 AM;|=*?*=|0;|=*?*=|;|=*?*=|;|=*?*=|;|=*?*=|
Samba folder sharing;|=*?*=|f3ce09fa-5988-4325-942f-93c946d46c78;|=*?*=|98a95d3d-4d12-4557-92af-ec0005ab9c1c;|=*?*=|Mapopen delen met het netwerk.;|=*?*=|Mappen van de Ubuntu server delen zodat ik er met Verkenner in windows bij kan.;|=*?*=|Victor Looren de Jong;|=*?*=|;|=*?*=|;|=*?*=|False;|=*?*=|False;|=*?*=|True;|=*?*=|False;|=*?*=|8273;|=*?*=|9;|=*?*=|8;|=*?*=|3;|=*?*=|8;|=*?*=|0;|=*?*=|5;|=*?*=|0;|=*?*=|5;|=*?*=|0;|=*?*=|01/11/2021 02:10:47 PM;|=*?*=|01/01/0001 12:00:00 AM;|=*?*=|01/01/0001 12:00:00 AM;|=*?*=|1;|=*?*=|Configure Samba|=*&*=||=*!*=|sudo vi /etc/samba/smb.conf|=*$*=|Install Samba|=*&*=||=*!*=|1. sudo apt update|=*!*=|2. sudo apt install samba -y|=*!*=|https://ubuntu.com/tutorials/install-and-configure-samba#2-installing-samba|=*$*=|Samba folder sharing|=*&*=||=*!*=|1. Open config file: sudo vi /etc/samba/smb.conf|=*!*=|2. In the end of the document add share as show on the page link and save the file|=*!*=|3. Restart samba service: sudo service smbd restart|=*!*=|4. Allow samba true firewall: sudo ufw allow samba|=*!*=|https://ubuntu.com/tutorials/install-and-configure-samba#3-setting-up-samba|=*$*=|Uninstall Samba|=*&*=||=*!*=|sudo apt-get autoremove --purge samba -y;|=*?*=|;|=*?*=|410f18e2-0c9b-4284-a6a4-6d3e859fdc6e|=*!*=|71fdfe21-4974-409f-ae7f-6aebf9ab5978;|=*?*=|
Snippets C#;|=*?*=|1347d366-6db6-44cf-8fa7-983185644d77;|=*?*=|28e05422-05fd-427f-ad73-f1ffb9e436ae;|=*?*=|Programming principen van C#.;|=*?*=|Code snippets die in C# gebruikt worden;|=*?*=|Victor Looren de Jong;|=*?*=|;|=*?*=|;|=*?*=|False;|=*?*=|False;|=*?*=|True;|=*?*=|False;|=*?*=|2001;|=*?*=|10;|=*?*=|10;|=*?*=|8;|=*?*=|10;|=*?*=|0;|=*?*=|0;|=*?*=|0;|=*?*=|0;|=*?*=|0;|=*?*=|01/11/2021 02:21:55 PM;|=*?*=|01/01/0001 12:00:00 AM;|=*?*=|01/01/0001 12:00:00 AM;|=*?*=|0;|=*?*=|C# Character replacement|=*&*=||=*!*=|s = s.Replace("\"", "");|=*$*=|C# Make a sentence from data collection|=*&*=||=*!*=|var res = string.Join(" ", words);|=*!*=|var temp = words.Aggregate((x, y) => x + " " + y);|=*$*=|C# Razor Pages Nested Layouts|=*&*=||=*!*=|https://www.youtube.com/watch?v=SrlU8sr5Tqc;|=*?*=|;|=*?*=|;|=*?*=|
Snippets HTML;|=*?*=|05acd4eb-df02-4549-977a-d884942e3058;|=*?*=|28e05422-05fd-427f-ad73-f1ffb9e436ae;|=*?*=|Code suggesties voor HTML.;|=*?*=|Terug kunnen vallen op code snippets voor HTML.;|=*?*=|Victor Looren de Jong;|=*?*=|;|=*?*=|;|=*?*=|False;|=*?*=|False;|=*?*=|True;|=*?*=|False;|=*?*=|10000;|=*?*=|1;|=*?*=|1;|=*?*=|1;|=*?*=|1;|=*?*=|0;|=*?*=|0;|=*?*=|0;|=*?*=|0;|=*?*=|0;|=*?*=|01/11/2021 02:27:11 PM;|=*?*=|01/01/0001 12:00:00 AM;|=*?*=|01/01/0001 12:00:00 AM;|=*?*=|0;|=*?*=|Translate CSS to HTML|=*&*=||=*!*=|background-color -> backgroundColor|=*!*=|text-align -> textAlign|=*!*=|textAlign and max-height -> maxHeight;|=*?*=|;|=*?*=|;|=*?*=|
Solicitatie brief schrijven;|=*?*=|25ad91c1-06ba-41ef-b431-f2a3ad952965;|=*?*=|ee4dce22-b090-4c47-b4ca-3b8f215f61fe;|=*?*=|Het schrijven van sollicitatie brieven naar een organisatie die mij aanspreekt.;|=*?*=|Uitgenodigd worden voor een gesprek.;|=*?*=|Victor Looren de Jong;|=*?*=|;|=*?*=|;|=*?*=|True;|=*?*=|False;|=*?*=|True;|=*?*=|False;|=*?*=|9521;|=*?*=|8;|=*?*=|6;|=*?*=|5;|=*?*=|2;|=*?*=|0;|=*?*=|0;|=*?*=|0;|=*?*=|0;|=*?*=|0;|=*?*=|18/10/2021 11:33:05 AM;|=*?*=|01/01/0001 12:00:00 AM;|=*?*=|01/01/0001 12:00:00 AM;|=*?*=|0;|=*?*=|;|=*?*=|;|=*?*=|;|=*?*=|
Sollicitaie gesprek voeren;|=*?*=|a9552554-3762-4c7c-9cce-6929f9d9f9a5;|=*?*=|ee4dce22-b090-4c47-b4ca-3b8f215f61fe;|=*?*=|Het voeren van een gesprek met een potentiele werkgever.;|=*?*=|Het aftasten van beide kanten of er een match is.;|=*?*=|Victor Looren de Jong;|=*?*=|;|=*?*=|;|=*?*=|True;|=*?*=|False;|=*?*=|True;|=*?*=|False;|=*?*=|8951;|=*?*=|10;|=*?*=|7;|=*?*=|5;|=*?*=|3;|=*?*=|0;|=*?*=|0;|=*?*=|0;|=*?*=|0;|=*?*=|0;|=*?*=|18/10/2021 11:35:02 AM;|=*?*=|01/01/0001 12:00:00 AM;|=*?*=|01/01/0001 12:00:00 AM;|=*?*=|0;|=*?*=|;|=*?*=|;|=*?*=|;|=*?*=|
Solliciteren;|=*?*=|ee4dce22-b090-4c47-b4ca-3b8f215f61fe;|=*?*=|0320a8ab-eda2-4c07-963d-a14e21859f21;|=*?*=|Het zoeken naar werk als software developer;|=*?*=|Een junior of hoger position bekleden;|=*?*=|Victor Looren de Jong;|=*?*=|;|=*?*=|;|=*?*=|True;|=*?*=|False;|=*?*=|True;|=*?*=|False;|=*?*=|8401;|=*?*=|10;|=*?*=|8;|=*?*=|5;|=*?*=|4;|=*?*=|0;|=*?*=|0;|=*?*=|0;|=*?*=|0;|=*?*=|0;|=*?*=|18/10/2021 11:25:55 AM;|=*?*=|01/01/0001 12:00:00 AM;|=*?*=|01/01/0001 12:00:00 AM;|=*?*=|0;|=*?*=|;|=*?*=|;|=*?*=|;|=*?*=|61f90fd0-05cb-42e6-8999-2b995a6cbf9a|=*!*=|25ad91c1-06ba-41ef-b431-f2a3ad952965|=*!*=|a9552554-3762-4c7c-9cce-6929f9d9f9a5
SQL Databases (From start to finish);|=*?*=|710984e4-0e8e-4484-ab30-f9453f415ff1;|=*?*=|e906b9e2-817f-4b86-9c82-000a4ce708d9;|=*?*=|Een cursus om vanaf de basis te beginnen met SQL databases;|=*?*=|Het goed begrijpen en kunnen werken met SQL Databases en het vak afronden voor mijn MBO opleiding;|=*?*=|Victor Looren de Jong;|=*?*=|;|=*?*=|;|=*?*=|True;|=*?*=|False;|=*?*=|True;|=*?*=|False;|=*?*=|9665;|=*?*=|7;|=*?*=|4;|=*?*=|3;|=*?*=|4;|=*?*=|0;|=*?*=|0;|=*?*=|0;|=*?*=|0;|=*?*=|0;|=*?*=|19/10/2021 10:41:58 AM;|=*?*=|01/01/0001 12:00:00 AM;|=*?*=|01/01/0001 12:00:00 AM;|=*?*=|0;|=*?*=|;|=*?*=|;|=*?*=|;|=*?*=|f91bd736-fd3f-48f9-9fff-390e7945a208
SSH;|=*?*=|2ab306ac-dd81-4ac2-ba6b-67561273410a;|=*?*=|9975f6fd-ffcb-419f-accf-2e4065fc80c9;|=*?*=|Remote commandline verbindign met een Linux server via SSH.;|=*?*=|Een verbinding kunnen leggen met een Linux server waar SSH enabled is.;|=*?*=|Victor Looren de Jong;|=*?*=|;|=*?*=|;|=*?*=|True;|=*?*=|False;|=*?*=|True;|=*?*=|False;|=*?*=|9301;|=*?*=|7;|=*?*=|5;|=*?*=|5;|=*?*=|4;|=*?*=|50;|=*?*=|0;|=*?*=|0;|=*?*=|0;|=*?*=|0;|=*?*=|01/11/2021 12:10:28 PM;|=*?*=|01/01/0001 12:00:00 AM;|=*?*=|01/01/0001 12:00:00 AM;|=*?*=|1;|=*?*=|Putty Downloaden|=*&*=||=*!*=|https://www.putty.org/|=*$*=|SSH port veranderen|=*&*=||=*!*=|https://linuxconfig.org/how-to-change-ssh-port-on-linux;|=*?*=|;|=*?*=|;|=*?*=|
test 1;|=*?*=|1ffae8fc-37e3-4caf-89e3-3e54ab0bfded;|=*?*=|0320a8ab-eda2-4c07-963d-a14e21859f21;|=*?*=|;|=*?*=|;|=*?*=|Victor Looren de Jong;|=*?*=|;|=*?*=|;|=*?*=|False;|=*?*=|False;|=*?*=|True;|=*?*=|False;|=*?*=|10000;|=*?*=|1;|=*?*=|1;|=*?*=|1;|=*?*=|1;|=*?*=|0;|=*?*=|0;|=*?*=|0;|=*?*=|0;|=*?*=|0;|=*?*=|15/11/2021 08:28:31 PM;|=*?*=|15/11/2021 08:34:39 PM;|=*?*=|01/01/0001 12:00:00 AM;|=*?*=|0;|=*?*=|;|=*?*=|;|=*?*=|;|=*?*=|8f2232fd-2291-4bd9-bd85-6b3fc68d72b9
test2;|=*?*=|8f2232fd-2291-4bd9-bd85-6b3fc68d72b9;|=*?*=|1ffae8fc-37e3-4caf-89e3-3e54ab0bfded;|=*?*=|;|=*?*=|;|=*?*=|Victor Looren de Jong;|=*?*=|;|=*?*=|;|=*?*=|False;|=*?*=|False;|=*?*=|True;|=*?*=|False;|=*?*=|10000;|=*?*=|1;|=*?*=|1;|=*?*=|1;|=*?*=|1;|=*?*=|0;|=*?*=|0;|=*?*=|0;|=*?*=|0;|=*?*=|0;|=*?*=|15/11/2021 08:28:44 PM;|=*?*=|15/11/2021 08:33:04 PM;|=*?*=|01/01/0001 12:00:00 AM;|=*?*=|0;|=*?*=|;|=*?*=|;|=*?*=|;|=*?*=|
Toekomst;|=*?*=|e906b9e2-817f-4b86-9c82-000a4ce708d9;|=*?*=|a84d7ed0-0595-4fde-a4b7-7c4c3729ebcc;|=*?*=|;|=*?*=|;|=*?*=|Victor Looren de Jong;|=*?*=|;|=*?*=|;|=*?*=|True;|=*?*=|False;|=*?*=|True;|=*?*=|False;|=*?*=|1;|=*?*=|10;|=*?*=|10;|=*?*=|10;|=*?*=|10;|=*?*=|0;|=*?*=|0;|=*?*=|0;|=*?*=|0;|=*?*=|0;|=*?*=|24/11/2021 09:56:45 AM;|=*?*=|01/01/0001 12:00:00 AM;|=*?*=|01/01/0001 12:00:00 AM;|=*?*=|0;|=*?*=|;|=*?*=|;|=*?*=|;|=*?*=|f3e763c0-2a6f-4994-8583-758007f395a2|=*!*=|3523d91b-2bae-4453-881e-9ca337a1cb52|=*!*=|710984e4-0e8e-4484-ab30-f9453f415ff1|=*!*=|89c13c66-cf68-4827-880a-50e001abfa6f
Ubuntu;|=*?*=|9975f6fd-ffcb-419f-accf-2e4065fc80c9;|=*?*=|98a95d3d-4d12-4557-92af-ec0005ab9c1c;|=*?*=|Projecten die gedaan zijn. in Ubuntu;|=*?*=|Werkende projecten op een Ubuntu server.;|=*?*=|Victor Looren de Jong;|=*?*=|;|=*?*=|;|=*?*=|True;|=*?*=|False;|=*?*=|True;|=*?*=|False;|=*?*=|9713;|=*?*=|6;|=*?*=|6;|=*?*=|2;|=*?*=|4;|=*?*=|0;|=*?*=|49;|=*?*=|0;|=*?*=|43;|=*?*=|6;|=*?*=|01/11/2021 11:36:51 AM;|=*?*=|01/01/0001 12:00:00 AM;|=*?*=|01/01/0001 12:00:00 AM;|=*?*=|1;|=*?*=|Mappen delen|=*&*=||=*!*=|Samba|=*$*=|Port management|=*&*=||=*!*=|List all used ports : ss -townlup|=*!*=|What listens at a specific port: sudo ss -tulpn | grep :"port number"|=*$*=|Remote access|=*&*=||=*!*=|https://bitlaunch.io/blog/how-to-install-and-configure-vnc-viewer-on-ubuntu-20-04/|=*!*=|https://serverspace.io/support/help/install-tightvnc-server-on-ubuntu-20-04/|=*!*=|https://www.cyberciti.biz/faq/ubuntu-linux-install-openssh-server/|=*!*=|https://www.ubuntu18.com/ubuntu-change-ssh-port/|=*$*=|Service management|=*&*=||=*!*=|https://phoenixnap.com/kb/start-stop-restart-linux-services|=*$*=|Up to date houden|=*&*=||=*!*=|https://www.cyberciti.biz/faq/upgrade-update-ubuntu-using-terminal/;|=*?*=|;|=*?*=|12553d94-33bd-4946-ab4f-f0193306e570|=*!*=|78661925-b0f3-4cc4-9477-a16b66c36498|=*!*=|832462e2-9783-40da-b309-fba811e726f9|=*!*=|0c553ddb-6119-4d88-98a1-b16df89425ff|=*!*=|f8f7ae4e-0577-4d68-8e9b-ba766dfcf7e0;|=*?*=|d0e06c99-7936-412b-869b-4c97e97d077b|=*!*=|2ab306ac-dd81-4ac2-ba6b-67561273410a|=*!*=|a1bea6d3-8b3b-4181-b853-e7c1e22e5fcb|=*!*=|ea1f3a03-9b33-4295-945d-a2f3354ca1e8
UWV;|=*?*=|0b58ad7f-d060-47a0-a584-fe09964f650b;|=*?*=|0320a8ab-eda2-4c07-963d-a14e21859f21;|=*?*=|;|=*?*=|;|=*?*=|Victor Looren de Jong;|=*?*=|;|=*?*=|;|=*?*=|False;|=*?*=|False;|=*?*=|True;|=*?*=|False;|=*?*=|8801;|=*?*=|10;|=*?*=|10;|=*?*=|6;|=*?*=|2;|=*?*=|0;|=*?*=|1;|=*?*=|0;|=*?*=|0;|=*?*=|1;|=*?*=|21/10/2021 12:33:54 PM;|=*?*=|01/01/0001 12:00:00 AM;|=*?*=|01/01/0001 12:00:00 AM;|=*?*=|1;|=*?*=|;|=*?*=|;|=*?*=|;|=*?*=|e272c98f-5535-4c33-838f-47808645bf47
Vacatures zoeken;|=*?*=|61f90fd0-05cb-42e6-8999-2b995a6cbf9a;|=*?*=|ee4dce22-b090-4c47-b4ca-3b8f215f61fe;|=*?*=|Het zoeken van toepasselijke vacatures.;|=*?*=|Vacatures vinden waar die aansluiten bij mijn niveau en het bedrijf zo veel mogelijk bij mijn eigen normen en waarden.;|=*?*=|Victor Looren de Jong;|=*?*=|;|=*?*=|;|=*?*=|True;|=*?*=|False;|=*?*=|True;|=*?*=|False;|=*?*=|8951;|=*?*=|10;|=*?*=|7;|=*?*=|5;|=*?*=|3;|=*?*=|0;|=*?*=|0;|=*?*=|0;|=*?*=|0;|=*?*=|0;|=*?*=|18/10/2021 11:29:35 AM;|=*?*=|01/01/0001 12:00:00 AM;|=*?*=|01/01/0001 12:00:00 AM;|=*?*=|0;|=*?*=|;|=*?*=|;|=*?*=|;|=*?*=|
Veilig programmeren;|=*?*=|f62d99f5-6540-49a8-90d7-328718b68d18;|=*?*=|4548ea05-efb3-46e8-a153-169d7f7fca06;|=*?*=|Een theorie vak over het beveiligen van applicaties, het gaat onder andere over encryptie, resilience, graceful degradation en de rollen van OWASP en SANS enz.;|=*?*=|Bekend zijn met de boven beschreven onderwerpen en meer op het gebied van programmeren.;|=*?*=|Victor Looren de Jong;|=*?*=|;|=*?*=|;|=*?*=|True;|=*?*=|False;|=*?*=|True;|=*?*=|False;|=*?*=|9959;|=*?*=|7;|=*?*=|3;|=*?*=|1;|=*?*=|2;|=*?*=|0;|=*?*=|156;|=*?*=|156;|=*?*=|0;|=*?*=|0;|=*?*=|05/11/2020 02:41:07 PM;|=*?*=|01/01/0001 12:00:00 AM;|=*?*=|01/01/0001 12:00:00 AM;|=*?*=|1;|=*?*=|;|=*?*=|;|=*?*=|f7426586-6b53-45fe-883e-d6798d7f44e2|=*!*=|fb952c60-bcdf-43e4-a641-c346e8c84fb4|=*!*=|92d33119-9daa-469a-ade3-6dc164428716;|=*?*=|
Visual Studio Code (VS Code);|=*?*=|b298f6e8-a417-49ad-9fa1-7186ea1714f2;|=*?*=|2a82ae6d-9160-4c1e-96b3-2cadcbab8c19;|=*?*=|Leren om met Visual Studio Code te werken.;|=*?*=|Dit zorgt er voor dat ik goed kan gaan werken in Visual Studio Code.;|=*?*=|Victor Looren de Jong;|=*?*=|;|=*?*=|;|=*?*=|True;|=*?*=|False;|=*?*=|True;|=*?*=|False;|=*?*=|7841;|=*?*=|10;|=*?*=|9;|=*?*=|6;|=*?*=|4;|=*?*=|0;|=*?*=|1;|=*?*=|0;|=*?*=|1;|=*?*=|0;|=*?*=|11/10/2021 12:57:29 PM;|=*?*=|01/01/0001 12:00:00 AM;|=*?*=|01/01/0001 12:00:00 AM;|=*?*=|1;|=*?*=|VS Code snel toetsen|=*&*=||=*!*=|1 https://www.youtube.com/watch?v=WPqXP_kLzpo&t=605s|=*!*=|2 ts 10:35|=*!*=|Debugging - (Ctrl + Shift + D) (Command + Shift + D)|=*!*=|Explorer  - (Ctrl + Shift + E) (Command + Shift + E)|=*!*=|Find - (Ctrl + Shift + F) (Command + Shift + F)|=*!*=|Side bar toggle - (Ctrl + B ) (Command + B)|=*!*=|Source Control - (Ctrl + Shift + G) (Command + Shift + G);|=*?*=|;|=*?*=|e8772f7a-bd27-4443-85eb-848221a886b1;|=*?*=|
Voltooid;|=*?*=|b77c6e31-5719-4671-8a49-62167a3e2106;|=*?*=|a84d7ed0-0595-4fde-a4b7-7c4c3729ebcc;|=*?*=|;|=*?*=|;|=*?*=|Victor Looren de Jong;|=*?*=|;|=*?*=|;|=*?*=|True;|=*?*=|False;|=*?*=|True;|=*?*=|False;|=*?*=|10000;|=*?*=|1;|=*?*=|1;|=*?*=|1;|=*?*=|1;|=*?*=|100;|=*?*=|867;|=*?*=|188;|=*?*=|679;|=*?*=|0;|=*?*=|24/11/2021 09:56:10 AM;|=*?*=|24/11/2021 10:03:37 AM;|=*?*=|24/11/2021 10:03:37 AM;|=*?*=|2;|=*?*=|;|=*?*=|;|=*?*=|;|=*?*=|6d66f5dd-3d9b-4d58-be28-f3630b1e1b77|=*!*=|b4acbdc1-00c1-4bd4-b1d6-12e7a07a2e02|=*!*=|c76356b7-1381-4f6a-a7db-cc2759457443|=*!*=|64f4f7af-3f35-424b-9e61-64c952ae427a|=*!*=|85980512-a049-4d58-944b-bd0891653909|=*!*=|199e9652-8025-4a5c-a12f-58b43a8fae54|=*!*=|0ec41028-f04d-4df5-a1ab-8dd5d9b16718|=*!*=|3ffb52e6-46fe-4040-9e02-a1f51c48ccfa|=*!*=|d05b4980-10f5-43fb-bcd2-c70d19cab038|=*!*=|52d4fdba-b694-4647-b65d-852e11013ba1
Voortgangs rapportage uitbrengen;|=*?*=|e272c98f-5535-4c33-838f-47808645bf47;|=*?*=|0b58ad7f-d060-47a0-a584-fe09964f650b;|=*?*=|;|=*?*=|;|=*?*=|Victor Looren de Jong;|=*?*=|;|=*?*=|;|=*?*=|False;|=*?*=|False;|=*?*=|True;|=*?*=|False;|=*?*=|7901;|=*?*=|10;|=*?*=|10;|=*?*=|7;|=*?*=|3;|=*?*=|0;|=*?*=|1;|=*?*=|0;|=*?*=|0;|=*?*=|1;|=*?*=|21/10/2021 12:36:04 PM;|=*?*=|01/01/0001 12:00:00 AM;|=*?*=|01/01/0001 12:00:00 AM;|=*?*=|1;|=*?*=|;|=*?*=|;|=*?*=|937967d0-c4fe-4dc4-a391-093355c1e66f;|=*?*=|
Vue.js 2;|=*?*=|8a9658ea-f943-4b8f-a1ed-6670e249b9a1;|=*?*=|2a82ae6d-9160-4c1e-96b3-2cadcbab8c19;|=*?*=|Een onderdeel van het vak Web development waarin er onder andere kennis wordt gemaakt met Vue.js.;|=*?*=|Het leren werken met Vue.js en wat het is en hoe het mij kan helpen.;|=*?*=|Victor Looren de Jong;|=*?*=|;|=*?*=|;|=*?*=|True;|=*?*=|False;|=*?*=|True;|=*?*=|False;|=*?*=|9977;|=*?*=|4;|=*?*=|3;|=*?*=|2;|=*?*=|1;|=*?*=|0;|=*?*=|3;|=*?*=|3;|=*?*=|0;|=*?*=|0;|=*?*=|04/10/2021 02:35:41 PM;|=*?*=|01/01/0001 12:00:00 AM;|=*?*=|01/01/0001 12:00:00 AM;|=*?*=|1;|=*?*=|;|=*?*=|;|=*?*=|c2aa5c08-d402-4e2f-aff9-d429f50b4f49;|=*?*=|
Webdevelopment 1 & 2;|=*?*=|2a82ae6d-9160-4c1e-96b3-2cadcbab8c19;|=*?*=|4548ea05-efb3-46e8-a153-169d7f7fca06;|=*?*=|Een vak waarin je leert te werken met Laravel en Vue.js om een web applicatie te maken.;|=*?*=|Het behalen van de opdrachten met een ruime voldoende en een applicatie maken met kloppende documentatie.;|=*?*=|Victor Looren de Jong;|=*?*=|;|=*?*=|;|=*?*=|True;|=*?*=|False;|=*?*=|True;|=*?*=|False;|=*?*=|9875;|=*?*=|7;|=*?*=|3;|=*?*=|2;|=*?*=|3;|=*?*=|0;|=*?*=|11;|=*?*=|5;|=*?*=|6;|=*?*=|0;|=*?*=|04/10/2021 02:35:01 PM;|=*?*=|01/01/0001 12:00:00 AM;|=*?*=|01/01/0001 12:00:00 AM;|=*?*=|1;|=*?*=|;|=*?*=|;|=*?*=|;|=*?*=|1f7dd766-c5f4-48c7-82b0-7483516887bc|=*!*=|8a9658ea-f943-4b8f-a1ed-6670e249b9a1|=*!*=|a2802ea2-b893-4486-8840-05e924089f46|=*!*=|b298f6e8-a417-49ad-9fa1-7186ea1714f2
